,year,month,stateid,price,price-units
0,12,2023,HI,0.0,cents per kilowatt-hour
5,12,2023,ID,11.53,cents per kilowatt-hour
6,12,2023,ID,0.0,cents per kilowatt-hour
11,12,2023,IL,14.84,cents per kilowatt-hour
12,12,2023,IL,7.29,cents per kilowatt-hour
17,12,2023,IN,14.58,cents per kilowatt-hour
18,12,2023,IN,11.56,cents per kilowatt-hour
23,12,2023,IA,11.95,cents per kilowatt-hour
24,12,2023,IA,0.0,cents per kilowatt-hour
29,12,2023,KS,12.72,cents per kilowatt-hour
30,12,2023,KS,0.0,cents per kilowatt-hour
35,12,2023,KY,12.34,cents per kilowatt-hour
36,12,2023,KY,0.0,cents per kilowatt-hour
41,12,2023,LA,11.21,cents per kilowatt-hour
42,12,2023,LA,11.22,cents per kilowatt-hour
47,12,2023,ME,27.99,cents per kilowatt-hour
48,12,2023,ME,0.0,cents per kilowatt-hour
53,12,2023,MD,17.46,cents per kilowatt-hour
56,10,2023,WY,12.49,cents per kilowatt-hour
57,10,2023,WY,0.0,cents per kilowatt-hour
62,10,2023,NEW,28.05,cents per kilowatt-hour
63,10,2023,NEW,10.94,cents per kilowatt-hour
68,10,2023,MAT,19.67,cents per kilowatt-hour
69,10,2023,MAT,14.21,cents per kilowatt-hour
74,10,2023,ENC,16.51,cents per kilowatt-hour
75,10,2023,ENC,7.35,cents per kilowatt-hour
80,10,2023,WNC,13.22,cents per kilowatt-hour
81,10,2023,WNC,12.44,cents per kilowatt-hour
86,10,2023,SAT,15.0,cents per kilowatt-hour
87,10,2023,SAT,10.25,cents per kilowatt-hour
92,10,2023,ESC,13.48,cents per kilowatt-hour
93,10,2023,ESC,0.0,cents per kilowatt-hour
98,10,2023,WSC,14.18,cents per kilowatt-hour
99,10,2023,WSC,7.34,cents per kilowatt-hour
106,09,2023,LA,11.42,cents per kilowatt-hour
107,09,2023,LA,10.52,cents per kilowatt-hour
112,09,2023,ME,26.79,cents per kilowatt-hour
113,09,2023,ME,0.0,cents per kilowatt-hour
118,09,2023,MD,16.95,cents per kilowatt-hour
119,09,2023,MD,11.44,cents per kilowatt-hour
124,09,2023,MA,28.18,cents per kilowatt-hour
125,09,2023,MA,6.79,cents per kilowatt-hour
130,09,2023,MI,19.49,cents per kilowatt-hour
131,09,2023,MI,13.71,cents per kilowatt-hour
136,09,2023,MN,15.44,cents per kilowatt-hour
137,09,2023,MN,12.53,cents per kilowatt-hour
142,01,2023,NJ,16.89,cents per kilowatt-hour
143,01,2023,NJ,14.36,cents per kilowatt-hour
144,11,2023,MAT,14.82,cents per kilowatt-hour
149,11,2023,ENC,16.18,cents per kilowatt-hour
150,11,2023,ENC,5.94,cents per kilowatt-hour
155,11,2023,WNC,12.67,cents per kilowatt-hour
156,11,2023,WNC,10.47,cents per kilowatt-hour
161,11,2023,SAT,14.54,cents per kilowatt-hour
162,11,2023,SAT,10.21,cents per kilowatt-hour
167,11,2023,ESC,13.53,cents per kilowatt-hour
168,11,2023,ESC,0.0,cents per kilowatt-hour
173,01,2023,NM,13.27,cents per kilowatt-hour
174,01,2023,NM,0.0,cents per kilowatt-hour
179,01,2023,NY,23.62,cents per kilowatt-hour
180,01,2023,NY,14.75,cents per kilowatt-hour
185,01,2023,NC,12.37,cents per kilowatt-hour
186,01,2023,NC,7.69,cents per kilowatt-hour
194,11,2023,WSC,13.86,cents per kilowatt-hour
195,11,2023,WSC,7.77,cents per kilowatt-hour
200,11,2023,MTN,13.85,cents per kilowatt-hour
201,11,2023,MTN,12.57,cents per kilowatt-hour
206,11,2023,PACC,21.57,cents per kilowatt-hour
207,11,2023,PACC,13.17,cents per kilowatt-hour
212,11,2023,PACN,35.06,cents per kilowatt-hour
213,11,2023,PACN,0.0,cents per kilowatt-hour
218,11,2023,US,16.19,cents per kilowatt-hour
219,11,2023,US,12.6,cents per kilowatt-hour
223,05,2023,AZ,14.3,cents per kilowatt-hour
224,05,2023,AZ,10.45,cents per kilowatt-hour
229,05,2023,AR,12.32,cents per kilowatt-hour
230,05,2023,AR,15.12,cents per kilowatt-hour
235,05,2023,CA,29.82,cents per kilowatt-hour
236,05,2023,CA,13.12,cents per kilowatt-hour
241,05,2023,CO,14.34,cents per kilowatt-hour
242,05,2023,CO,11.3,cents per kilowatt-hour
249,06,2023,ME,27.56,cents per kilowatt-hour
250,06,2023,ME,0.0,cents per kilowatt-hour
255,06,2023,MD,17.0,cents per kilowatt-hour
256,06,2023,MD,11.16,cents per kilowatt-hour
261,06,2023,MA,27.52,cents per kilowatt-hour
262,06,2023,MA,7.28,cents per kilowatt-hour
267,06,2023,MI,19.38,cents per kilowatt-hour
268,06,2023,MI,13.85,cents per kilowatt-hour
273,06,2023,MN,15.68,cents per kilowatt-hour
274,06,2023,MN,13.9,cents per kilowatt-hour
281,05,2023,CT,31.36,cents per kilowatt-hour
282,05,2023,CT,16.12,cents per kilowatt-hour
287,05,2023,DE,16.62,cents per kilowatt-hour
288,05,2023,DE,0.0,cents per kilowatt-hour
293,05,2023,DC,17.09,cents per kilowatt-hour
294,05,2023,DC,10.39,cents per kilowatt-hour
299,05,2023,FL,15.09,cents per kilowatt-hour
300,05,2023,FL,11.49,cents per kilowatt-hour
302,06,2023,MS,13.27,cents per kilowatt-hour
303,06,2023,MS,0.0,cents per kilowatt-hour
308,06,2023,MO,14.1,cents per kilowatt-hour
309,06,2023,MO,9.7,cents per kilowatt-hour
314,06,2023,MT,13.16,cents per kilowatt-hour
315,06,2023,MT,0.0,cents per kilowatt-hour
320,10,2023,MTN,13.86,cents per kilowatt-hour
321,10,2023,MTN,12.92,cents per kilowatt-hour
322,01,2024,IN,14.0,cents per kilowatt-hour
323,01,2024,IN,11.86,cents per kilowatt-hour
328,01,2024,IA,11.85,cents per kilowatt-hour
329,01,2024,IA,0.0,cents per kilowatt-hour
334,01,2024,KS,13.04,cents per kilowatt-hour
335,01,2024,KS,0.0,cents per kilowatt-hour
340,01,2024,KY,12.51,cents per kilowatt-hour
341,01,2024,KY,0.0,cents per kilowatt-hour
346,01,2024,LA,10.82,cents per kilowatt-hour
351,10,2023,PACC,23.84,cents per kilowatt-hour
352,10,2023,PACC,14.42,cents per kilowatt-hour
357,10,2023,PACN,35.18,cents per kilowatt-hour
358,10,2023,PACN,0.0,cents per kilowatt-hour
359,12,2023,MD,11.7,cents per kilowatt-hour
364,12,2023,MA,28.94,cents per kilowatt-hour
365,12,2023,MA,6.94,cents per kilowatt-hour
370,12,2023,MI,18.7,cents per kilowatt-hour
371,12,2023,MI,13.68,cents per kilowatt-hour
376,12,2023,MN,14.09,cents per kilowatt-hour
377,12,2023,MN,10.52,cents per kilowatt-hour
382,12,2023,MS,13.06,cents per kilowatt-hour
383,12,2023,MS,0.0,cents per kilowatt-hour
388,12,2023,MO,11.33,cents per kilowatt-hour
389,12,2023,MO,8.63,cents per kilowatt-hour
395,11,2023,NH,25.58,cents per kilowatt-hour
396,11,2023,NH,0.0,cents per kilowatt-hour
401,11,2023,NJ,17.47,cents per kilowatt-hour
402,11,2023,NJ,11.59,cents per kilowatt-hour
405,01,2024,LA,10.48,cents per kilowatt-hour
409,08,2023,SD,13.07,cents per kilowatt-hour
410,08,2023,SD,0.0,cents per kilowatt-hour
415,08,2023,TN,11.93,cents per kilowatt-hour
416,08,2023,TN,0.0,cents per kilowatt-hour
421,08,2023,TX,14.17,cents per kilowatt-hour
422,08,2023,TX,6.75,cents per kilowatt-hour
427,08,2023,UT,11.67,cents per kilowatt-hour
428,08,2023,UT,12.32,cents per kilowatt-hour
433,08,2023,VT,20.47,cents per kilowatt-hour
434,08,2023,VT,0.0,cents per kilowatt-hour
439,08,2023,VA,13.85,cents per kilowatt-hour
440,08,2023,VA,10.36,cents per kilowatt-hour
445,08,2023,WA,11.14,cents per kilowatt-hour
446,08,2023,WA,10.19,cents per kilowatt-hour
451,08,2023,WV,14.2,cents per kilowatt-hour
452,08,2023,WV,0.0,cents per kilowatt-hour
457,08,2023,WI,17.19,cents per kilowatt-hour
458,08,2023,WI,18.57,cents per kilowatt-hour
463,08,2023,WY,12.45,cents per kilowatt-hour
464,08,2023,WY,0.0,cents per kilowatt-hour
468,02,2023,WSC,13.89,cents per kilowatt-hour
469,02,2023,WSC,7.35,cents per kilowatt-hour
474,02,2023,MTN,13.0,cents per kilowatt-hour
475,02,2023,MTN,12.94,cents per kilowatt-hour
480,02,2023,PACC,19.38,cents per kilowatt-hour
481,02,2023,PACC,11.8,cents per kilowatt-hour
486,02,2023,PACN,34.05,cents per kilowatt-hour
487,02,2023,PACN,0.0,cents per kilowatt-hour
492,02,2023,US,15.98,cents per kilowatt-hour
493,02,2023,US,13.14,cents per kilowatt-hour
498,04,2023,AL,14.54,cents per kilowatt-hour
499,04,2023,AL,0.0,cents per kilowatt-hour
504,04,2023,AK,23.44,cents per kilowatt-hour
505,04,2023,AK,0.0,cents per kilowatt-hour
510,04,2023,AZ,14.12,cents per kilowatt-hour
511,04,2023,AZ,9.28,cents per kilowatt-hour
517,08,2023,ME,25.37,cents per kilowatt-hour
518,08,2023,ME,0.0,cents per kilowatt-hour
523,08,2023,MD,16.39,cents per kilowatt-hour
524,08,2023,MD,11.17,cents per kilowatt-hour
529,08,2023,MA,28.02,cents per kilowatt-hour
530,08,2023,MA,6.75,cents per kilowatt-hour
535,08,2023,MI,19.57,cents per kilowatt-hour
537,01,2023,ND,9.95,cents per kilowatt-hour
538,01,2023,ND,0.0,cents per kilowatt-hour
543,01,2023,OH,14.3,cents per kilowatt-hour
544,01,2023,OH,5.51,cents per kilowatt-hour
550,04,2023,RI,23.54,cents per kilowatt-hour
551,04,2023,RI,16.69,cents per kilowatt-hour
556,04,2023,SC,13.9,cents per kilowatt-hour
557,04,2023,SC,0.0,cents per kilowatt-hour
562,04,2023,SD,11.92,cents per kilowatt-hour
563,04,2023,SD,0.0,cents per kilowatt-hour
568,04,2023,TN,11.86,cents per kilowatt-hour
569,04,2023,TN,0.0,cents per kilowatt-hour
574,04,2023,TX,14.36,cents per kilowatt-hour
575,04,2023,TX,7.14,cents per kilowatt-hour
580,04,2023,UT,10.84,cents per kilowatt-hour
581,04,2023,UT,12.2,cents per kilowatt-hour
586,04,2023,VT,20.75,cents per kilowatt-hour
587,10,2023,OK,13.04,cents per kilowatt-hour
588,10,2023,OK,0.0,cents per kilowatt-hour
593,10,2023,OR,13.29,cents per kilowatt-hour
594,10,2023,OR,11.66,cents per kilowatt-hour
599,10,2023,PA,18.44,cents per kilowatt-hour
600,10,2023,PA,10.83,cents per kilowatt-hour
605,10,2023,RI,30.08,cents per kilowatt-hour
606,10,2023,RI,17.42,cents per kilowatt-hour
611,10,2023,SC,14.0,cents per kilowatt-hour
612,10,2023,SC,0.0,cents per kilowatt-hour
617,10,2023,SD,13.05,cents per kilowatt-hour
618,10,2023,SD,0.0,cents per kilowatt-hour
623,03,2023,PACC,21.13,cents per kilowatt-hour
624,03,2023,PACC,11.63,cents per kilowatt-hour
629,03,2023,PACN,34.25,cents per kilowatt-hour
630,03,2023,PACN,0.0,cents per kilowatt-hour
635,03,2023,US,16.04,cents per kilowatt-hour
636,03,2023,US,12.28,cents per kilowatt-hour
641,12,2023,AL,14.16,cents per kilowatt-hour
642,12,2023,AL,0.0,cents per kilowatt-hour
647,12,2023,AK,24.22,cents per kilowatt-hour
648,12,2023,AK,0.0,cents per kilowatt-hour
652,05,2023,GA,13.96,cents per kilowatt-hour
653,05,2023,GA,5.94,cents per kilowatt-hour
658,05,2023,HI,42.26,cents per kilowatt-hour
659,05,2023,HI,0.0,cents per kilowatt-hour
665,10,2023,TN,12.49,cents per kilowatt-hour
666,10,2023,TN,0.0,cents per kilowatt-hour
671,10,2023,TX,14.89,cents per kilowatt-hour
672,10,2023,TX,7.17,cents per kilowatt-hour
677,10,2023,UT,11.23,cents per kilowatt-hour
678,10,2023,UT,12.32,cents per kilowatt-hour
683,10,2023,VT,22.11,cents per kilowatt-hour
684,10,2023,VT,0.0,cents per kilowatt-hour
689,10,2023,VA,14.16,cents per kilowatt-hour
691,05,2023,ID,10.72,cents per kilowatt-hour
692,05,2023,ID,0.0,cents per kilowatt-hour
697,05,2023,IL,17.86,cents per kilowatt-hour
698,05,2023,IL,7.25,cents per kilowatt-hour
703,05,2023,IN,15.12,cents per kilowatt-hour
704,05,2023,IN,0.0,cents per kilowatt-hour
709,05,2023,IA,14.29,cents per kilowatt-hour
710,05,2023,IA,0.0,cents per kilowatt-hour
715,05,2023,KS,13.86,cents per kilowatt-hour
716,05,2023,KS,0.0,cents per kilowatt-hour
721,05,2023,KY,12.69,cents per kilowatt-hour
722,05,2023,KY,0.0,cents per kilowatt-hour
727,05,2023,LA,11.72,cents per kilowatt-hour
728,05,2023,LA,11.47,cents per kilowatt-hour
733,05,2023,ME,29.19,cents per kilowatt-hour
734,05,2023,ME,0.0,cents per kilowatt-hour
739,05,2023,MD,16.08,cents per kilowatt-hour
740,05,2023,MD,11.33,cents per kilowatt-hour
745,05,2023,MA,29.39,cents per kilowatt-hour
746,05,2023,MA,7.51,cents per kilowatt-hour
751,05,2023,MI,18.7,cents per kilowatt-hour
752,05,2023,MI,14.07,cents per kilowatt-hour
754,08,2023,MI,14.12,cents per kilowatt-hour
759,08,2023,MN,15.61,cents per kilowatt-hour
763,06,2023,AL,14.67,cents per kilowatt-hour
764,06,2023,AL,0.0,cents per kilowatt-hour
769,06,2023,AK,24.79,cents per kilowatt-hour
770,06,2023,AK,0.0,cents per kilowatt-hour
775,06,2023,AZ,14.28,cents per kilowatt-hour
776,06,2023,AZ,11.46,cents per kilowatt-hour
781,06,2023,AR,12.46,cents per kilowatt-hour
782,06,2023,AR,16.8,cents per kilowatt-hour
787,06,2023,CA,31.24,cents per kilowatt-hour
788,06,2023,CA,11.85,cents per kilowatt-hour
793,06,2023,CO,14.63,cents per kilowatt-hour
794,06,2023,CO,14.98,cents per kilowatt-hour
799,06,2023,CT,31.85,cents per kilowatt-hour
800,06,2023,CT,16.63,cents per kilowatt-hour
805,08,2023,MN,13.4,cents per kilowatt-hour
810,08,2023,MS,12.7,cents per kilowatt-hour
811,08,2023,MS,0.0,cents per kilowatt-hour
816,08,2023,MO,14.25,cents per kilowatt-hour
817,08,2023,MO,12.18,cents per kilowatt-hour
822,08,2023,MT,12.93,cents per kilowatt-hour
823,08,2023,MT,0.0,cents per kilowatt-hour
828,08,2023,NE,12.19,cents per kilowatt-hour
829,08,2023,NE,0.0,cents per kilowatt-hour
834,08,2023,NV,16.48,cents per kilowatt-hour
835,08,2023,NV,12.87,cents per kilowatt-hour
840,08,2023,NH,26.13,cents per kilowatt-hour
841,08,2023,NH,0.0,cents per kilowatt-hour
846,08,2023,NJ,18.51,cents per kilowatt-hour
847,08,2023,NJ,12.18,cents per kilowatt-hour
852,08,2023,NM,14.41,cents per kilowatt-hour
853,08,2023,NM,0.0,cents per kilowatt-hour
858,08,2023,NY,22.26,cents per kilowatt-hour
859,08,2023,NY,16.34,cents per kilowatt-hour
864,08,2023,NC,12.7,cents per kilowatt-hour
865,08,2023,NC,9.43,cents per kilowatt-hour
868,06,2023,DE,15.99,cents per kilowatt-hour
869,06,2023,DE,0.0,cents per kilowatt-hour
874,06,2023,DC,16.55,cents per kilowatt-hour
875,06,2023,DC,9.04,cents per kilowatt-hour
880,06,2023,FL,15.23,cents per kilowatt-hour
881,06,2023,FL,11.27,cents per kilowatt-hour
886,06,2023,GA,14.59,cents per kilowatt-hour
887,06,2023,GA,7.57,cents per kilowatt-hour
892,06,2023,HI,41.74,cents per kilowatt-hour
893,06,2023,HI,0.0,cents per kilowatt-hour
898,06,2023,ID,11.71,cents per kilowatt-hour
899,06,2023,ID,0.0,cents per kilowatt-hour
904,06,2023,IL,15.08,cents per kilowatt-hour
905,06,2023,IL,7.14,cents per kilowatt-hour
910,06,2023,IN,14.67,cents per kilowatt-hour
911,06,2023,IN,11.56,cents per kilowatt-hour
916,06,2023,IA,15.11,cents per kilowatt-hour
917,06,2023,IA,0.0,cents per kilowatt-hour
922,06,2023,KS,13.33,cents per kilowatt-hour
923,06,2023,KS,0.0,cents per kilowatt-hour
928,06,2023,KY,12.65,cents per kilowatt-hour
929,06,2023,KY,0.0,cents per kilowatt-hour
934,08,2023,ND,12.55,cents per kilowatt-hour
935,08,2023,ND,0.0,cents per kilowatt-hour
940,08,2023,OH,15.63,cents per kilowatt-hour
941,08,2023,OH,6.34,cents per kilowatt-hour
946,08,2023,OK,13.1,cents per kilowatt-hour
947,08,2023,OK,0.0,cents per kilowatt-hour
952,08,2023,OR,13.02,cents per kilowatt-hour
953,08,2023,OR,11.4,cents per kilowatt-hour
958,08,2023,PA,17.89,cents per kilowatt-hour
959,08,2023,PA,11.02,cents per kilowatt-hour
964,08,2023,RI,25.54,cents per kilowatt-hour
965,08,2023,RI,16.75,cents per kilowatt-hour
970,08,2023,SC,13.41,cents per kilowatt-hour
971,08,2023,SC,0.0,cents per kilowatt-hour
973,10,2023,VA,9.98,cents per kilowatt-hour
978,10,2023,WA,11.33,cents per kilowatt-hour
979,10,2023,WA,10.12,cents per kilowatt-hour
984,10,2023,WV,15.05,cents per kilowatt-hour
985,10,2023,WV,0.0,cents per kilowatt-hour
990,10,2023,WI,17.14,cents per kilowatt-hour
991,10,2023,WI,21.34,cents per kilowatt-hour
996,06,2023,LA,11.25,cents per kilowatt-hour
997,06,2023,LA,11.28,cents per kilowatt-hour
1002,12,2023,AZ,14.42,cents per kilowatt-hour
1003,12,2023,AZ,9.63,cents per kilowatt-hour
1008,12,2023,AR,11.54,cents per kilowatt-hour
1009,12,2023,AR,15.18,cents per kilowatt-hour
1014,12,2023,CA,29.12,cents per kilowatt-hour
1015,12,2023,CA,13.09,cents per kilowatt-hour
1020,12,2023,CO,14.18,cents per kilowatt-hour
1021,12,2023,CO,12.39,cents per kilowatt-hour
1026,12,2023,CT,26.89,cents per kilowatt-hour
1027,12,2023,CT,19.57,cents per kilowatt-hour
1032,12,2023,DE,16.3,cents per kilowatt-hour
1033,12,2023,DE,0.0,cents per kilowatt-hour
1038,12,2023,DC,17.82,cents per kilowatt-hour
1039,12,2023,DC,10.57,cents per kilowatt-hour
1044,12,2023,FL,15.2,cents per kilowatt-hour
1045,12,2023,FL,11.31,cents per kilowatt-hour
1050,12,2023,GA,12.72,cents per kilowatt-hour
1051,12,2023,GA,6.2,cents per kilowatt-hour
1056,12,2023,HI,41.6,cents per kilowatt-hour
1057,03,2023,TX,7.28,cents per kilowatt-hour
1062,03,2023,UT,10.86,cents per kilowatt-hour
1063,03,2023,UT,12.21,cents per kilowatt-hour
1068,03,2023,VT,20.38,cents per kilowatt-hour
1069,03,2023,VT,0.0,cents per kilowatt-hour
1074,03,2023,VA,14.67,cents per kilowatt-hour
1075,03,2023,VA,11.06,cents per kilowatt-hour
1080,03,2023,WA,10.79,cents per kilowatt-hour
1081,03,2023,WA,10.65,cents per kilowatt-hour
1086,03,2023,WV,14.23,cents per kilowatt-hour
1087,03,2023,WV,0.0,cents per kilowatt-hour
1092,03,2023,WI,16.47,cents per kilowatt-hour
1093,03,2023,WI,16.2,cents per kilowatt-hour
1098,03,2023,WY,10.68,cents per kilowatt-hour
1099,03,2023,WY,0.0,cents per kilowatt-hour
1104,03,2023,NEW,31.25,cents per kilowatt-hour
1105,03,2023,NEW,14.92,cents per kilowatt-hour
1110,03,2023,MAT,19.09,cents per kilowatt-hour
1111,03,2023,MAT,13.57,cents per kilowatt-hour
1116,03,2023,ENC,16.45,cents per kilowatt-hour
1117,03,2023,ENC,7.33,cents per kilowatt-hour
1120,10,2023,NE,11.67,cents per kilowatt-hour
1121,10,2023,NE,0.0,cents per kilowatt-hour
1126,10,2023,NV,14.63,cents per kilowatt-hour
1127,10,2023,NV,12.48,cents per kilowatt-hour
1132,10,2023,NH,25.49,cents per kilowatt-hour
1133,10,2023,NH,0.0,cents per kilowatt-hour
1138,10,2023,NJ,17.46,cents per kilowatt-hour
1139,10,2023,NJ,11.2,cents per kilowatt-hour
1144,10,2023,NM,14.12,cents per kilowatt-hour
1145,10,2023,NM,0.0,cents per kilowatt-hour
1150,10,2023,NY,21.99,cents per kilowatt-hour
1151,10,2023,NY,15.26,cents per kilowatt-hour
1156,10,2023,NC,14.4,cents per kilowatt-hour
1157,10,2023,NC,10.14,cents per kilowatt-hour
1162,10,2023,ND,11.71,cents per kilowatt-hour
1163,10,2023,ND,0.0,cents per kilowatt-hour
1170,05,2023,AL,14.55,cents per kilowatt-hour
1171,05,2023,AL,0.0,cents per kilowatt-hour
1176,05,2023,AK,24.91,cents per kilowatt-hour
1177,05,2023,AK,0.0,cents per kilowatt-hour
1181,02,2023,DC,15.7,cents per kilowatt-hour
1182,02,2023,DC,10.47,cents per kilowatt-hour
1187,02,2023,FL,15.82,cents per kilowatt-hour
1188,02,2023,FL,10.35,cents per kilowatt-hour
1193,02,2023,GA,13.53,cents per kilowatt-hour
1198,05,2023,SC,13.98,cents per kilowatt-hour
1199,05,2023,SC,0.0,cents per kilowatt-hour
1204,05,2023,SD,13.18,cents per kilowatt-hour
1205,05,2023,SD,0.0,cents per kilowatt-hour
1214,03,2023,WNC,12.12,cents per kilowatt-hour
1215,03,2023,WNC,10.31,cents per kilowatt-hour
1220,03,2023,SAT,14.2,cents per kilowatt-hour
1221,03,2023,SAT,10.11,cents per kilowatt-hour
1226,03,2023,ESC,13.17,cents per kilowatt-hour
1227,03,2023,ESC,0.0,cents per kilowatt-hour
1232,03,2023,WSC,13.75,cents per kilowatt-hour
1233,03,2023,WSC,7.51,cents per kilowatt-hour
1238,07,2023,MD,16.02,cents per kilowatt-hour
1239,07,2023,MD,11.1,cents per kilowatt-hour
1244,07,2023,MA,27.43,cents per kilowatt-hour
1245,07,2023,MA,6.62,cents per kilowatt-hour
1250,07,2023,MI,19.43,cents per kilowatt-hour
1251,07,2023,MI,14.05,cents per kilowatt-hour
1256,07,2023,MN,15.6,cents per kilowatt-hour
1257,07,2023,MN,13.49,cents per kilowatt-hour
1262,07,2023,MS,12.82,cents per kilowatt-hour
1263,07,2023,MS,0.0,cents per kilowatt-hour
1268,10,2023,OH,15.89,cents per kilowatt-hour
1269,10,2023,OH,6.72,cents per kilowatt-hour
1274,11,2023,WV,14.42,cents per kilowatt-hour
1275,11,2023,WV,0.0,cents per kilowatt-hour
1280,11,2023,WI,16.85,cents per kilowatt-hour
1281,11,2023,WI,15.74,cents per kilowatt-hour
1286,11,2023,WY,11.59,cents per kilowatt-hour
1287,11,2023,WY,0.0,cents per kilowatt-hour
1292,11,2023,NEW,27.47,cents per kilowatt-hour
1293,11,2023,NEW,10.68,cents per kilowatt-hour
1298,11,2023,MAT,19.76,cents per kilowatt-hour
1299,02,2023,GA,5.92,cents per kilowatt-hour
1304,02,2023,HI,44.24,cents per kilowatt-hour
1305,02,2023,HI,0.0,cents per kilowatt-hour
1310,02,2023,ID,10.19,cents per kilowatt-hour
1311,02,2023,ID,0.0,cents per kilowatt-hour
1313,08,2023,WNC,14.21,cents per kilowatt-hour
1314,08,2023,WNC,12.64,cents per kilowatt-hour
1319,08,2023,SAT,14.28,cents per kilowatt-hour
1320,08,2023,SAT,10.53,cents per kilowatt-hour
1325,08,2023,ESC,12.79,cents per kilowatt-hour
1326,08,2023,ESC,0.0,cents per kilowatt-hour
1331,08,2023,WSC,13.56,cents per kilowatt-hour
1332,08,2023,WSC,7.01,cents per kilowatt-hour
1337,08,2023,MTN,13.92,cents per kilowatt-hour
1338,08,2023,MTN,13.11,cents per kilowatt-hour
1343,08,2023,PACC,24.22,cents per kilowatt-hour
1344,08,2023,PACC,13.51,cents per kilowatt-hour
1349,08,2023,PACN,34.22,cents per kilowatt-hour
1350,08,2023,PACN,0.0,cents per kilowatt-hour
1355,08,2023,US,15.91,cents per kilowatt-hour
1358,10,2023,AR,12.73,cents per kilowatt-hour
1359,10,2023,AR,13.2,cents per kilowatt-hour
1364,10,2023,CA,31.78,cents per kilowatt-hour
1365,10,2023,CA,14.92,cents per kilowatt-hour
1371,09,2023,RI,17.44,cents per kilowatt-hour
1376,09,2023,SC,14.04,cents per kilowatt-hour
1377,09,2023,SC,0.0,cents per kilowatt-hour
1382,09,2023,SD,13.24,cents per kilowatt-hour
1383,09,2023,SD,0.0,cents per kilowatt-hour
1388,09,2023,TN,11.78,cents per kilowatt-hour
1389,09,2023,TN,0.0,cents per kilowatt-hour
1394,09,2023,TX,14.68,cents per kilowatt-hour
1395,09,2023,TX,7.49,cents per kilowatt-hour
1400,09,2023,UT,11.85,cents per kilowatt-hour
1401,09,2023,UT,12.33,cents per kilowatt-hour
1406,09,2023,VT,21.21,cents per kilowatt-hour
1407,09,2023,VT,0.0,cents per kilowatt-hour
1412,09,2023,VA,14.69,cents per kilowatt-hour
1413,09,2023,VA,9.02,cents per kilowatt-hour
1418,09,2023,WA,11.38,cents per kilowatt-hour
1423,01,2023,TN,12.04,cents per kilowatt-hour
1424,01,2023,TN,0.0,cents per kilowatt-hour
1429,01,2023,TX,14.36,cents per kilowatt-hour
1430,01,2023,TX,7.09,cents per kilowatt-hour
1435,01,2023,UT,10.65,cents per kilowatt-hour
1436,01,2023,UT,12.41,cents per kilowatt-hour
1441,01,2023,VT,19.96,cents per kilowatt-hour
1442,01,2023,VT,0.0,cents per kilowatt-hour
1447,01,2023,VA,13.96,cents per kilowatt-hour
1448,01,2023,VA,12.21,cents per kilowatt-hour
1453,01,2023,WA,10.49,cents per kilowatt-hour
1454,01,2023,WA,10.06,cents per kilowatt-hour
1459,08,2023,NEW,27.11,cents per kilowatt-hour
1460,08,2023,NEW,13.43,cents per kilowatt-hour
1465,08,2023,MAT,19.74,cents per kilowatt-hour
1466,08,2023,MAT,15.18,cents per kilowatt-hour
1471,08,2023,ENC,15.72,cents per kilowatt-hour
1472,08,2023,ENC,6.79,cents per kilowatt-hour
1479,02,2023,UT,10.79,cents per kilowatt-hour
1480,02,2023,UT,12.41,cents per kilowatt-hour
1485,02,2023,VT,20.28,cents per kilowatt-hour
1486,02,2023,VT,0.0,cents per kilowatt-hour
1491,02,2023,VA,14.32,cents per kilowatt-hour
1492,02,2023,VA,11.32,cents per kilowatt-hour
1495,08,2023,US,13.26,cents per kilowatt-hour
1500,09,2023,AL,14.89,cents per kilowatt-hour
1501,09,2023,AL,0.0,cents per kilowatt-hour
1505,03,2023,DC,16.06,cents per kilowatt-hour
1506,03,2023,DC,10.76,cents per kilowatt-hour
1511,03,2023,FL,14.65,cents per kilowatt-hour
1512,03,2023,FL,11.66,cents per kilowatt-hour
1517,03,2023,GA,13.49,cents per kilowatt-hour
1518,03,2023,GA,6.29,cents per kilowatt-hour
1523,03,2023,HI,44.06,cents per kilowatt-hour
1524,03,2023,HI,0.0,cents per kilowatt-hour
1529,03,2023,ID,10.03,cents per kilowatt-hour
1530,03,2023,ID,0.0,cents per kilowatt-hour
1535,03,2023,IL,17.38,cents per kilowatt-hour
1536,03,2023,IL,6.87,cents per kilowatt-hour
1541,03,2023,IN,16.02,cents per kilowatt-hour
1542,03,2023,IN,13.1,cents per kilowatt-hour
1547,03,2023,IA,11.99,cents per kilowatt-hour
1548,03,2023,IA,0.0,cents per kilowatt-hour
1553,03,2023,KS,13.72,cents per kilowatt-hour
1554,03,2023,KS,0.0,cents per kilowatt-hour
1559,03,2023,KY,12.28,cents per kilowatt-hour
1560,09,2023,WA,10.02,cents per kilowatt-hour
1567,04,2023,AR,12.36,cents per kilowatt-hour
1568,04,2023,AR,15.83,cents per kilowatt-hour
1573,04,2023,CA,29.7,cents per kilowatt-hour
1574,04,2023,CA,11.51,cents per kilowatt-hour
1579,04,2023,CO,13.53,cents per kilowatt-hour
1580,04,2023,CO,12.4,cents per kilowatt-hour
1585,04,2023,CT,34.48,cents per kilowatt-hour
1586,04,2023,CT,17.33,cents per kilowatt-hour
1591,04,2023,DE,15.47,cents per kilowatt-hour
1592,04,2023,DE,0.0,cents per kilowatt-hour
1597,04,2023,DC,15.3,cents per kilowatt-hour
1598,04,2023,DC,9.86,cents per kilowatt-hour
1603,04,2023,FL,15.72,cents per kilowatt-hour
1604,04,2023,FL,12.24,cents per kilowatt-hour
1609,04,2023,GA,13.25,cents per kilowatt-hour
1610,04,2023,GA,5.82,cents per kilowatt-hour
1615,04,2023,HI,43.18,cents per kilowatt-hour
1616,04,2023,HI,0.0,cents per kilowatt-hour
1621,04,2023,ID,10.18,cents per kilowatt-hour
1622,03,2023,KY,0.0,cents per kilowatt-hour
1627,03,2023,LA,11.87,cents per kilowatt-hour
1628,03,2023,LA,11.09,cents per kilowatt-hour
1633,03,2023,ME,29.37,cents per kilowatt-hour
1634,03,2023,ME,0.0,cents per kilowatt-hour
1639,03,2023,MD,15.85,cents per kilowatt-hour
1640,03,2023,MD,10.36,cents per kilowatt-hour
1645,03,2023,MA,32.72,cents per kilowatt-hour
1646,03,2023,MA,7.27,cents per kilowatt-hour
1651,03,2023,MI,18.23,cents per kilowatt-hour
1652,03,2023,MI,13.64,cents per kilowatt-hour
1657,03,2023,MN,13.94,cents per kilowatt-hour
1658,03,2023,MN,12.48,cents per kilowatt-hour
1663,03,2023,MS,13.8,cents per kilowatt-hour
1664,03,2023,MS,0.0,cents per kilowatt-hour
1669,03,2023,MO,11.46,cents per kilowatt-hour
1670,03,2023,MO,8.22,cents per kilowatt-hour
1675,03,2023,MT,12.13,cents per kilowatt-hour
1676,03,2023,MT,0.0,cents per kilowatt-hour
1680,05,2023,NY,20.47,cents per kilowatt-hour
1681,05,2023,NY,15.18,cents per kilowatt-hour
1686,06,2023,NE,11.98,cents per kilowatt-hour
1687,06,2023,NE,0.0,cents per kilowatt-hour
1692,06,2023,NV,17.38,cents per kilowatt-hour
1693,06,2023,NV,13.16,cents per kilowatt-hour
1698,06,2023,NH,29.53,cents per kilowatt-hour
1699,06,2023,NH,0.0,cents per kilowatt-hour
1704,06,2023,NJ,18.19,cents per kilowatt-hour
1705,06,2023,NJ,12.33,cents per kilowatt-hour
1710,06,2023,NM,13.58,cents per kilowatt-hour
1711,06,2023,NM,0.0,cents per kilowatt-hour
1716,06,2023,NY,21.63,cents per kilowatt-hour
1717,06,2023,NY,15.71,cents per kilowatt-hour
1722,06,2023,NC,12.57,cents per kilowatt-hour
1723,06,2023,NC,9.07,cents per kilowatt-hour
1728,06,2023,ND,12.35,cents per kilowatt-hour
1729,06,2023,ND,0.0,cents per kilowatt-hour
1734,06,2023,OH,16.29,cents per kilowatt-hour
1735,06,2023,OH,5.86,cents per kilowatt-hour
1741,03,2023,AL,14.67,cents per kilowatt-hour
1742,03,2023,AL,0.0,cents per kilowatt-hour
1746,04,2023,ID,0.0,cents per kilowatt-hour
1751,04,2023,IL,17.82,cents per kilowatt-hour
1752,04,2023,IL,5.98,cents per kilowatt-hour
1757,04,2023,IN,15.08,cents per kilowatt-hour
1758,04,2023,IN,13.63,cents per kilowatt-hour
1763,04,2023,IA,12.62,cents per kilowatt-hour
1764,04,2023,IA,0.0,cents per kilowatt-hour
1769,04,2023,KS,13.59,cents per kilowatt-hour
1770,04,2023,KS,0.0,cents per kilowatt-hour
1776,10,2023,CO,14.5,cents per kilowatt-hour
1777,10,2023,CO,13.64,cents per kilowatt-hour
1782,10,2023,CT,29.01,cents per kilowatt-hour
1783,10,2023,CT,16.09,cents per kilowatt-hour
1788,10,2023,DE,17.43,cents per kilowatt-hour
1789,10,2023,DE,0.0,cents per kilowatt-hour
1793,11,2023,KY,13.29,cents per kilowatt-hour
1794,11,2023,KY,0.0,cents per kilowatt-hour
1799,11,2023,LA,11.45,cents per kilowatt-hour
1800,11,2023,LA,11.23,cents per kilowatt-hour
1805,11,2023,ME,28.46,cents per kilowatt-hour
1806,11,2023,ME,0.0,cents per kilowatt-hour
1808,05,2023,NC,12.9,cents per kilowatt-hour
1809,05,2023,NC,8.16,cents per kilowatt-hour
1814,05,2023,ND,11.75,cents per kilowatt-hour
1815,05,2023,ND,0.0,cents per kilowatt-hour
1820,05,2023,OH,15.63,cents per kilowatt-hour
1821,05,2023,OH,5.86,cents per kilowatt-hour
1826,05,2023,OK,11.63,cents per kilowatt-hour
1827,05,2023,OK,0.0,cents per kilowatt-hour
1832,05,2023,OR,13.01,cents per kilowatt-hour
1833,05,2023,OR,11.54,cents per kilowatt-hour
1835,07,2023,NY,22.29,cents per kilowatt-hour
1836,07,2023,NY,15.83,cents per kilowatt-hour
1841,07,2023,NC,12.39,cents per kilowatt-hour
1842,07,2023,NC,9.28,cents per kilowatt-hour
1847,07,2023,ND,12.63,cents per kilowatt-hour
1848,07,2023,ND,0.0,cents per kilowatt-hour
1853,07,2023,OH,15.73,cents per kilowatt-hour
1854,07,2023,OH,6.02,cents per kilowatt-hour
1859,07,2023,OK,12.27,cents per kilowatt-hour
1860,07,2023,OK,0.0,cents per kilowatt-hour
1865,07,2023,OR,13.17,cents per kilowatt-hour
1866,07,2023,OR,11.31,cents per kilowatt-hour
1875,01,2023,WY,10.24,cents per kilowatt-hour
1876,01,2023,WY,0.0,cents per kilowatt-hour
1881,01,2023,NEW,29.95,cents per kilowatt-hour
1882,01,2023,NEW,14.42,cents per kilowatt-hour
1887,01,2023,MAT,19.88,cents per kilowatt-hour
1888,01,2023,MAT,14.23,cents per kilowatt-hour
1893,01,2023,ENC,15.8,cents per kilowatt-hour
1894,01,2023,ENC,7.49,cents per kilowatt-hour
1899,01,2023,WNC,11.34,cents per kilowatt-hour
1900,01,2023,WNC,8.9,cents per kilowatt-hour
1905,01,2023,SAT,13.9,cents per kilowatt-hour
1909,02,2023,OK,11.34,cents per kilowatt-hour
1910,02,2023,OK,0.0,cents per kilowatt-hour
1915,02,2023,OR,12.25,cents per kilowatt-hour
1916,02,2023,OR,11.1,cents per kilowatt-hour
1921,02,2023,PA,18.33,cents per kilowatt-hour
1922,02,2023,PA,11.46,cents per kilowatt-hour
1927,02,2023,RI,29.08,cents per kilowatt-hour
1929,03,2023,AK,23.45,cents per kilowatt-hour
1930,03,2023,AK,0.0,cents per kilowatt-hour
1935,03,2023,AZ,13.62,cents per kilowatt-hour
1936,03,2023,AZ,8.96,cents per kilowatt-hour
1941,03,2023,AR,12.21,cents per kilowatt-hour
1942,03,2023,AR,11.18,cents per kilowatt-hour
1947,03,2023,CA,30.39,cents per kilowatt-hour
1948,03,2023,CA,11.79,cents per kilowatt-hour
1953,03,2023,CO,13.8,cents per kilowatt-hour
1954,03,2023,CO,12.37,cents per kilowatt-hour
1959,03,2023,CT,33.06,cents per kilowatt-hour
1960,03,2023,CT,27.22,cents per kilowatt-hour
1965,03,2023,DE,15.33,cents per kilowatt-hour
1966,03,2023,DE,0.0,cents per kilowatt-hour
1969,07,2023,PA,17.94,cents per kilowatt-hour
1970,07,2023,PA,10.04,cents per kilowatt-hour
1975,07,2023,RI,24.31,cents per kilowatt-hour
1976,07,2023,RI,16.73,cents per kilowatt-hour
1981,07,2023,SC,13.21,cents per kilowatt-hour
1982,07,2023,SC,0.0,cents per kilowatt-hour
1987,07,2023,SD,13.3,cents per kilowatt-hour
1988,07,2023,SD,0.0,cents per kilowatt-hour
1993,07,2023,TN,12.22,cents per kilowatt-hour
1994,07,2023,TN,0.0,cents per kilowatt-hour
1999,07,2023,TX,13.95,cents per kilowatt-hour
2000,07,2023,TX,7.22,cents per kilowatt-hour
2005,07,2023,UT,11.71,cents per kilowatt-hour
2006,07,2023,UT,12.31,cents per kilowatt-hour
2008,05,2023,TN,12.27,cents per kilowatt-hour
2009,05,2023,TN,0.0,cents per kilowatt-hour
2014,05,2023,TX,14.65,cents per kilowatt-hour
2015,05,2023,TX,6.84,cents per kilowatt-hour
2020,05,2023,UT,10.84,cents per kilowatt-hour
2021,05,2023,UT,12.3,cents per kilowatt-hour
2026,05,2023,VT,21.03,cents per kilowatt-hour
2027,05,2023,VT,0.0,cents per kilowatt-hour
2032,05,2023,VA,15.19,cents per kilowatt-hour
2033,05,2023,VA,10.76,cents per kilowatt-hour
2034,02,2023,KY,12.64,cents per kilowatt-hour
2035,02,2023,KY,0.0,cents per kilowatt-hour
2040,02,2023,LA,12.88,cents per kilowatt-hour
2041,02,2023,LA,13.22,cents per kilowatt-hour
2046,02,2023,ME,26.32,cents per kilowatt-hour
2047,02,2023,ME,0.0,cents per kilowatt-hour
2052,02,2023,MD,16.22,cents per kilowatt-hour
2053,02,2023,MD,11.23,cents per kilowatt-hour
2058,02,2023,MA,32.56,cents per kilowatt-hour
2059,02,2023,MA,8.65,cents per kilowatt-hour
2065,12,2023,OK,10.79,cents per kilowatt-hour
2066,12,2023,OK,0.0,cents per kilowatt-hour
2071,12,2023,OR,12.61,cents per kilowatt-hour
2072,12,2023,OR,11.73,cents per kilowatt-hour
2077,12,2023,PA,17.52,cents per kilowatt-hour
2078,12,2023,PA,10.71,cents per kilowatt-hour
2083,12,2023,RI,30.86,cents per kilowatt-hour
2084,12,2023,RI,20.94,cents per kilowatt-hour
2092,05,2023,MN,15.32,cents per kilowatt-hour
2093,05,2023,MN,12.66,cents per kilowatt-hour
2098,05,2023,MS,13.89,cents per kilowatt-hour
2099,05,2023,MS,0.0,cents per kilowatt-hour
2104,05,2023,MO,12.27,cents per kilowatt-hour
2105,05,2023,MO,8.43,cents per kilowatt-hour
2110,05,2023,MT,12.79,cents per kilowatt-hour
2111,05,2023,MT,0.0,cents per kilowatt-hour
2116,05,2023,NE,11.77,cents per kilowatt-hour
2117,05,2023,NE,0.0,cents per kilowatt-hour
2120,01,2023,IL,15.99,cents per kilowatt-hour
2121,01,2023,IL,7.44,cents per kilowatt-hour
2126,01,2023,IN,15.43,cents per kilowatt-hour
2127,01,2023,IN,13.29,cents per kilowatt-hour
2132,01,2023,IA,11.38,cents per kilowatt-hour
2133,01,2023,IA,0.0,cents per kilowatt-hour
2138,01,2023,KS,12.73,cents per kilowatt-hour
2139,01,2023,KS,0.0,cents per kilowatt-hour
2143,02,2023,IL,17.03,cents per kilowatt-hour
2144,02,2023,IL,7.15,cents per kilowatt-hour
2149,02,2023,IN,16.12,cents per kilowatt-hour
2150,02,2023,IN,0.0,cents per kilowatt-hour
2155,02,2023,IA,11.69,cents per kilowatt-hour
2156,02,2023,IA,0.0,cents per kilowatt-hour
2161,02,2023,KS,14.45,cents per kilowatt-hour
2162,02,2023,KS,0.0,cents per kilowatt-hour
2163,04,2023,VT,0.0,cents per kilowatt-hour
2171,05,2023,WA,11.16,cents per kilowatt-hour
2172,05,2023,WA,10.24,cents per kilowatt-hour
2177,05,2023,WV,14.6,cents per kilowatt-hour
2178,05,2023,WV,0.0,cents per kilowatt-hour
2183,05,2023,WI,17.43,cents per kilowatt-hour
2184,05,2023,WI,16.34,cents per kilowatt-hour
2189,05,2023,WY,11.9,cents per kilowatt-hour
2190,05,2023,WY,0.0,cents per kilowatt-hour
2195,05,2023,NEW,29.47,cents per kilowatt-hour
2196,05,2023,NEW,11.16,cents per kilowatt-hour
2201,05,2023,MAT,18.96,cents per kilowatt-hour
2202,05,2023,MAT,14.3,cents per kilowatt-hour
2207,05,2023,ENC,16.86,cents per kilowatt-hour
2208,05,2023,ENC,7.27,cents per kilowatt-hour
2213,05,2023,WNC,13.4,cents per kilowatt-hour
2214,05,2023,WNC,10.3,cents per kilowatt-hour
2219,05,2023,SAT,14.59,cents per kilowatt-hour
2220,05,2023,SAT,10.27,cents per kilowatt-hour
2224,06,2023,TN,12.34,cents per kilowatt-hour
2225,06,2023,TN,0.0,cents per kilowatt-hour
2230,06,2023,TX,14.35,cents per kilowatt-hour
2231,06,2023,TX,6.99,cents per kilowatt-hour
2236,06,2023,UT,11.44,cents per kilowatt-hour
2237,06,2023,UT,12.37,cents per kilowatt-hour
2242,06,2023,VT,21.0,cents per kilowatt-hour
2243,06,2023,VT,0.0,cents per kilowatt-hour
2246,01,2023,DE,14.25,cents per kilowatt-hour
2247,01,2023,DE,0.0,cents per kilowatt-hour
2252,01,2023,DC,14.96,cents per kilowatt-hour
2253,01,2023,DC,10.26,cents per kilowatt-hour
2258,01,2023,FL,14.89,cents per kilowatt-hour
2259,01,2023,FL,11.14,cents per kilowatt-hour
2264,01,2023,GA,12.81,cents per kilowatt-hour
2265,01,2023,GA,9.28,cents per kilowatt-hour
2270,01,2023,HI,44.96,cents per kilowatt-hour
2271,01,2023,HI,0.0,cents per kilowatt-hour
2276,01,2023,ID,10.51,cents per kilowatt-hour
2277,01,2023,ID,0.0,cents per kilowatt-hour
2284,05,2023,NV,17.43,cents per kilowatt-hour
2285,05,2023,NV,13.02,cents per kilowatt-hour
2290,05,2023,NH,30.6,cents per kilowatt-hour
2291,05,2023,NH,0.0,cents per kilowatt-hour
2296,05,2023,NJ,17.13,cents per kilowatt-hour
2297,05,2023,NJ,11.94,cents per kilowatt-hour
2302,05,2023,NM,12.96,cents per kilowatt-hour
2303,05,2023,NM,0.0,cents per kilowatt-hour
2310,12,2023,VT,21.09,cents per kilowatt-hour
2311,12,2023,VT,0.0,cents per kilowatt-hour
2316,12,2023,VA,13.54,cents per kilowatt-hour
2317,12,2023,VA,9.97,cents per kilowatt-hour
2322,12,2023,WA,10.98,cents per kilowatt-hour
2323,12,2023,WA,10.08,cents per kilowatt-hour
2324,07,2023,ENC,16.1,cents per kilowatt-hour
2325,07,2023,ENC,6.91,cents per kilowatt-hour
2330,07,2023,WNC,14.3,cents per kilowatt-hour
2331,07,2023,WNC,13.12,cents per kilowatt-hour
2336,07,2023,SAT,14.23,cents per kilowatt-hour
2337,07,2023,SAT,10.22,cents per kilowatt-hour
2341,04,2023,VA,14.58,cents per kilowatt-hour
2342,04,2023,VA,14.4,cents per kilowatt-hour
2347,04,2023,WA,10.95,cents per kilowatt-hour
2348,04,2023,WA,10.19,cents per kilowatt-hour
2353,04,2023,WV,14.38,cents per kilowatt-hour
2354,04,2023,WV,0.0,cents per kilowatt-hour
2359,04,2023,WI,16.98,cents per kilowatt-hour
2360,04,2023,WI,16.93,cents per kilowatt-hour
2365,04,2023,WY,11.19,cents per kilowatt-hour
2366,04,2023,WY,0.0,cents per kilowatt-hour
2371,04,2023,NEW,31.22,cents per kilowatt-hour
2372,04,2023,NEW,11.64,cents per kilowatt-hour
2377,04,2023,MAT,18.74,cents per kilowatt-hour
2378,04,2023,MAT,13.59,cents per kilowatt-hour
2383,04,2023,ENC,16.57,cents per kilowatt-hour
2384,04,2023,ENC,6.37,cents per kilowatt-hour
2389,04,2023,WNC,12.65,cents per kilowatt-hour
2390,04,2023,WNC,9.55,cents per kilowatt-hour
2395,04,2023,SAT,14.64,cents per kilowatt-hour
2396,09,2023,FL,15.48,cents per kilowatt-hour
2399,05,2023,ESC,13.26,cents per kilowatt-hour
2400,05,2023,ESC,0.0,cents per kilowatt-hour
2405,05,2023,WSC,13.81,cents per kilowatt-hour
2406,05,2023,WSC,7.11,cents per kilowatt-hour
2411,05,2023,MTN,13.89,cents per kilowatt-hour
2412,05,2023,MTN,11.61,cents per kilowatt-hour
2417,05,2023,PACC,22.11,cents per kilowatt-hour
2418,05,2023,PACC,12.86,cents per kilowatt-hour
2423,09,2023,AK,24.57,cents per kilowatt-hour
2424,09,2023,AK,0.0,cents per kilowatt-hour
2429,09,2023,AZ,14.38,cents per kilowatt-hour
2430,09,2023,AZ,10.41,cents per kilowatt-hour
2435,09,2023,AR,12.69,cents per kilowatt-hour
2436,09,2023,AR,15.52,cents per kilowatt-hour
2441,09,2023,CA,30.01,cents per kilowatt-hour
2442,09,2023,CA,15.19,cents per kilowatt-hour
2447,09,2023,CO,15.03,cents per kilowatt-hour
2448,09,2023,CO,15.43,cents per kilowatt-hour
2453,09,2023,CT,29.31,cents per kilowatt-hour
2454,09,2023,CT,20.36,cents per kilowatt-hour
2459,08,2023,AZ,13.83,cents per kilowatt-hour
2460,08,2023,AZ,10.38,cents per kilowatt-hour
2465,08,2023,AR,12.47,cents per kilowatt-hour
2466,08,2023,AR,15.52,cents per kilowatt-hour
2475,03,2023,NE,10.48,cents per kilowatt-hour
2476,03,2023,NE,0.0,cents per kilowatt-hour
2481,03,2023,NV,17.11,cents per kilowatt-hour
2482,03,2023,NV,12.96,cents per kilowatt-hour
2487,03,2023,NH,30.25,cents per kilowatt-hour
2488,03,2023,NH,0.0,cents per kilowatt-hour
2493,03,2023,NJ,17.12,cents per kilowatt-hour
2494,03,2023,NJ,11.38,cents per kilowatt-hour
2499,03,2023,NM,13.05,cents per kilowatt-hour
2500,03,2023,NM,0.0,cents per kilowatt-hour
2505,03,2023,NY,21.21,cents per kilowatt-hour
2506,03,2023,NY,14.73,cents per kilowatt-hour
2511,03,2023,NC,12.67,cents per kilowatt-hour
2512,03,2023,NC,7.96,cents per kilowatt-hour
2516,07,2023,ESC,13.03,cents per kilowatt-hour
2517,07,2023,ESC,0.0,cents per kilowatt-hour
2522,07,2023,WSC,13.34,cents per kilowatt-hour
2523,07,2023,WSC,7.48,cents per kilowatt-hour
2528,07,2023,MTN,14.03,cents per kilowatt-hour
2529,07,2023,MTN,13.26,cents per kilowatt-hour
2534,07,2023,PACC,23.37,cents per kilowatt-hour
2535,07,2023,PACC,12.82,cents per kilowatt-hour
2540,07,2023,PACN,34.13,cents per kilowatt-hour
2541,07,2023,PACN,0.0,cents per kilowatt-hour
2546,07,2023,US,15.86,cents per kilowatt-hour
2547,07,2023,US,12.77,cents per kilowatt-hour
2552,08,2023,AL,14.19,cents per kilowatt-hour
2553,08,2023,AL,0.0,cents per kilowatt-hour
2560,05,2023,PA,18.46,cents per kilowatt-hour
2561,05,2023,PA,9.3,cents per kilowatt-hour
2566,05,2023,RI,26.84,cents per kilowatt-hour
2567,05,2023,RI,16.88,cents per kilowatt-hour
2568,09,2023,FL,11.69,cents per kilowatt-hour
2573,09,2023,GA,13.97,cents per kilowatt-hour
2574,09,2023,GA,9.4,cents per kilowatt-hour
2579,09,2023,HI,41.52,cents per kilowatt-hour
2580,09,2023,HI,0.0,cents per kilowatt-hour
2585,09,2023,ID,11.53,cents per kilowatt-hour
2586,09,2023,ID,0.0,cents per kilowatt-hour
2591,09,2023,IL,14.7,cents per kilowatt-hour
2592,09,2023,IL,7.0,cents per kilowatt-hour
2596,02,2023,WA,10.71,cents per kilowatt-hour
2597,02,2023,WA,10.54,cents per kilowatt-hour
2602,02,2023,WV,13.55,cents per kilowatt-hour
2603,02,2023,WV,0.0,cents per kilowatt-hour
2608,02,2023,WI,16.33,cents per kilowatt-hour
2609,02,2023,WI,16.41,cents per kilowatt-hour
2614,02,2023,WY,10.26,cents per kilowatt-hour
2615,02,2023,WY,0.0,cents per kilowatt-hour
2620,02,2023,NEW,31.26,cents per kilowatt-hour
2621,02,2023,NEW,19.09,cents per kilowatt-hour
2626,02,2023,MAT,20.26,cents per kilowatt-hour
2627,02,2023,MAT,14.84,cents per kilowatt-hour
2629,06,2023,PACN,0.0,cents per kilowatt-hour
2634,06,2023,US,16.09,cents per kilowatt-hour
2635,06,2023,US,12.41,cents per kilowatt-hour
2638,03,2023,OK,11.71,cents per kilowatt-hour
2639,03,2023,OK,0.0,cents per kilowatt-hour
2644,03,2023,OR,12.22,cents per kilowatt-hour
2645,03,2023,OR,11.43,cents per kilowatt-hour
2648,02,2023,MI,17.99,cents per kilowatt-hour
2649,02,2023,MI,12.67,cents per kilowatt-hour
2654,02,2023,MN,13.63,cents per kilowatt-hour
2655,02,2023,MN,11.88,cents per kilowatt-hour
2660,02,2023,MS,13.57,cents per kilowatt-hour
2661,02,2023,MS,0.0,cents per kilowatt-hour
2666,02,2023,MO,11.36,cents per kilowatt-hour
2667,02,2023,MO,7.74,cents per kilowatt-hour
2672,02,2023,MT,11.96,cents per kilowatt-hour
2673,02,2023,MT,0.0,cents per kilowatt-hour
2678,02,2023,NE,10.16,cents per kilowatt-hour
2679,02,2023,NE,0.0,cents per kilowatt-hour
2684,02,2023,NV,17.04,cents per kilowatt-hour
2685,02,2023,NV,13.21,cents per kilowatt-hour
2690,02,2023,NH,30.98,cents per kilowatt-hour
2691,02,2023,NH,0.0,cents per kilowatt-hour
2696,02,2023,NJ,16.97,cents per kilowatt-hour
2697,02,2023,NJ,12.64,cents per kilowatt-hour
2702,02,2023,NM,13.75,cents per kilowatt-hour
2703,02,2023,NM,0.0,cents per kilowatt-hour
2708,02,2023,NY,24.18,cents per kilowatt-hour
2709,02,2023,NY,15.75,cents per kilowatt-hour
2712,11,2023,NM,14.2,cents per kilowatt-hour
2713,11,2023,NM,0.0,cents per kilowatt-hour
2718,11,2023,NY,22.85,cents per kilowatt-hour
2719,11,2023,NY,15.78,cents per kilowatt-hour
2724,11,2023,NC,13.39,cents per kilowatt-hour
2725,11,2023,NC,9.27,cents per kilowatt-hour
2730,11,2023,ND,10.77,cents per kilowatt-hour
2731,11,2023,ND,0.0,cents per kilowatt-hour
2736,11,2023,OH,15.65,cents per kilowatt-hour
2737,11,2023,OH,6.15,cents per kilowatt-hour
2742,11,2023,OK,11.88,cents per kilowatt-hour
2743,11,2023,OK,0.0,cents per kilowatt-hour
2748,11,2023,OR,12.99,cents per kilowatt-hour
2749,11,2023,OR,11.51,cents per kilowatt-hour
2754,11,2023,PA,18.11,cents per kilowatt-hour
2755,11,2023,PA,10.08,cents per kilowatt-hour
2761,02,2023,ENC,16.28,cents per kilowatt-hour
2762,02,2023,ENC,7.08,cents per kilowatt-hour
2767,02,2023,WNC,12.03,cents per kilowatt-hour
2768,02,2023,WNC,9.72,cents per kilowatt-hour
2773,02,2023,SAT,14.56,cents per kilowatt-hour
2774,02,2023,SAT,10.24,cents per kilowatt-hour
2779,02,2023,ESC,13.39,cents per kilowatt-hour
2780,02,2023,ESC,0.0,cents per kilowatt-hour
2787,03,2023,PA,18.13,cents per kilowatt-hour
2788,03,2023,PA,9.36,cents per kilowatt-hour
2793,03,2023,RI,27.91,cents per kilowatt-hour
2794,03,2023,RI,16.1,cents per kilowatt-hour
2800,12,2023,MT,12.58,cents per kilowatt-hour
2801,12,2023,MT,0.0,cents per kilowatt-hour
2806,12,2023,NE,10.47,cents per kilowatt-hour
2807,12,2023,NE,0.0,cents per kilowatt-hour
2812,12,2023,NV,15.55,cents per kilowatt-hour
2813,12,2023,NV,12.1,cents per kilowatt-hour
2818,12,2023,NH,24.74,cents per kilowatt-hour
2819,12,2023,NH,0.0,cents per kilowatt-hour
2824,12,2023,NJ,17.56,cents per kilowatt-hour
2825,12,2023,NJ,11.66,cents per kilowatt-hour
2830,12,2023,NM,13.37,cents per kilowatt-hour
2831,12,2023,NM,0.0,cents per kilowatt-hour
2836,12,2023,NY,22.42,cents per kilowatt-hour
2837,12,2023,NY,14.38,cents per kilowatt-hour
2842,12,2023,NC,12.97,cents per kilowatt-hour
2843,12,2023,NC,9.33,cents per kilowatt-hour
2850,09,2023,MS,12.85,cents per kilowatt-hour
2851,09,2023,MS,0.0,cents per kilowatt-hour
2856,09,2023,MO,14.03,cents per kilowatt-hour
2857,09,2023,MO,13.31,cents per kilowatt-hour
2862,09,2023,MT,13.15,cents per kilowatt-hour
2863,09,2023,MT,0.0,cents per kilowatt-hour
2868,09,2023,NE,12.32,cents per kilowatt-hour
2869,09,2023,NE,0.0,cents per kilowatt-hour
2874,09,2023,NV,16.94,cents per kilowatt-hour
2875,09,2023,NV,13.01,cents per kilowatt-hour
2880,09,2023,NH,23.24,cents per kilowatt-hour
2881,09,2023,NH,0.0,cents per kilowatt-hour
2886,09,2023,NJ,17.97,cents per kilowatt-hour
2887,09,2023,NJ,11.86,cents per kilowatt-hour
2892,09,2023,NM,14.88,cents per kilowatt-hour
2893,09,2023,NM,0.0,cents per kilowatt-hour
2898,09,2023,NY,23.24,cents per kilowatt-hour
2899,09,2023,NY,19.09,cents per kilowatt-hour
2904,09,2023,NC,13.72,cents per kilowatt-hour
2905,09,2023,NC,10.12,cents per kilowatt-hour
2910,10,2023,DC,18.03,cents per kilowatt-hour
2911,10,2023,DC,10.51,cents per kilowatt-hour
2916,10,2023,FL,15.45,cents per kilowatt-hour
2917,10,2023,FL,11.45,cents per kilowatt-hour
2922,10,2023,GA,13.69,cents per kilowatt-hour
2923,10,2023,GA,6.13,cents per kilowatt-hour
2928,10,2023,HI,42.68,cents per kilowatt-hour
2929,10,2023,HI,0.0,cents per kilowatt-hour
2934,10,2023,ID,12.07,cents per kilowatt-hour
2935,10,2023,ID,0.0,cents per kilowatt-hour
2940,10,2023,IL,15.75,cents per kilowatt-hour
2941,10,2023,IL,7.14,cents per kilowatt-hour
2946,10,2023,IN,15.17,cents per kilowatt-hour
2947,10,2023,IN,13.29,cents per kilowatt-hour
2952,10,2023,IA,13.46,cents per kilowatt-hour
2953,10,2023,IA,0.0,cents per kilowatt-hour
2958,10,2023,KS,13.45,cents per kilowatt-hour
2959,10,2023,KS,0.0,cents per kilowatt-hour
2962,12,2023,ND,10.27,cents per kilowatt-hour
2963,12,2023,ND,0.0,cents per kilowatt-hour
2968,12,2023,OH,15.57,cents per kilowatt-hour
2969,12,2023,OH,6.14,cents per kilowatt-hour
2971,04,2023,SAT,10.11,cents per kilowatt-hour
2976,04,2023,ESC,13.06,cents per kilowatt-hour
2977,04,2023,ESC,0.0,cents per kilowatt-hour
2982,04,2023,WSC,13.56,cents per kilowatt-hour
2983,04,2023,WSC,7.37,cents per kilowatt-hour
2988,04,2023,MTN,13.38,cents per kilowatt-hour
2989,04,2023,MTN,12.16,cents per kilowatt-hour
2994,04,2023,PACC,21.33,cents per kilowatt-hour
2995,04,2023,PACC,11.37,cents per kilowatt-hour
3000,04,2023,PACN,34.5,cents per kilowatt-hour
3001,04,2023,PACN,0.0,cents per kilowatt-hour
3006,04,2023,US,16.1,cents per kilowatt-hour
3007,04,2023,US,12.05,cents per kilowatt-hour
3010,07,2023,LA,11.26,cents per kilowatt-hour
3011,07,2023,LA,10.91,cents per kilowatt-hour
3016,03,2023,ND,9.75,cents per kilowatt-hour
3017,03,2023,ND,0.0,cents per kilowatt-hour
3022,03,2023,OH,14.89,cents per kilowatt-hour
3023,03,2023,OH,5.63,cents per kilowatt-hour
3029,06,2023,OK,12.43,cents per kilowatt-hour
3030,06,2023,OK,0.0,cents per kilowatt-hour
3035,06,2023,OR,13.14,cents per kilowatt-hour
3036,06,2023,OR,11.36,cents per kilowatt-hour
3041,06,2023,PA,18.39,cents per kilowatt-hour
3042,06,2023,PA,9.04,cents per kilowatt-hour
3047,06,2023,RI,23.83,cents per kilowatt-hour
3048,06,2023,RI,17.72,cents per kilowatt-hour
3053,06,2023,SC,13.75,cents per kilowatt-hour
3054,06,2023,SC,0.0,cents per kilowatt-hour
3059,06,2023,SD,13.3,cents per kilowatt-hour
3060,06,2023,SD,0.0,cents per kilowatt-hour
3068,03,2023,MTN,13.04,cents per kilowatt-hour
3069,03,2023,MTN,12.14,cents per kilowatt-hour
3073,09,2023,ND,12.83,cents per kilowatt-hour
3074,09,2023,ND,0.0,cents per kilowatt-hour
3080,10,2023,KY,13.17,cents per kilowatt-hour
3081,10,2023,KY,0.0,cents per kilowatt-hour
3086,10,2023,LA,11.95,cents per kilowatt-hour
3087,10,2023,LA,10.61,cents per kilowatt-hour
3092,10,2023,ME,29.06,cents per kilowatt-hour
3093,10,2023,ME,0.0,cents per kilowatt-hour
3098,10,2023,MD,18.38,cents per kilowatt-hour
3099,10,2023,MD,11.55,cents per kilowatt-hour
3104,10,2023,MA,28.19,cents per kilowatt-hour
3105,10,2023,MA,6.65,cents per kilowatt-hour
3110,10,2023,MI,19.2,cents per kilowatt-hour
3111,10,2023,MI,14.43,cents per kilowatt-hour
3116,10,2023,MN,15.45,cents per kilowatt-hour
3117,10,2023,MN,12.4,cents per kilowatt-hour
3122,10,2023,MS,13.47,cents per kilowatt-hour
3123,10,2023,MS,0.0,cents per kilowatt-hour
3128,10,2023,MO,12.2,cents per kilowatt-hour
3129,10,2023,MO,12.48,cents per kilowatt-hour
3134,10,2023,MT,12.93,cents per kilowatt-hour
3135,10,2023,MT,0.0,cents per kilowatt-hour
3142,07,2023,ME,27.73,cents per kilowatt-hour
3143,07,2023,ME,0.0,cents per kilowatt-hour
3147,07,2023,VT,20.45,cents per kilowatt-hour
3148,07,2023,VT,0.0,cents per kilowatt-hour
3153,07,2023,VA,13.88,cents per kilowatt-hour
3154,07,2023,VA,10.91,cents per kilowatt-hour
3159,07,2023,WA,11.15,cents per kilowatt-hour
3160,07,2023,WA,9.89,cents per kilowatt-hour
3165,07,2023,WV,14.08,cents per kilowatt-hour
3166,07,2023,WV,0.0,cents per kilowatt-hour
3171,07,2023,WI,17.02,cents per kilowatt-hour
3172,07,2023,WI,16.5,cents per kilowatt-hour
3177,07,2023,WY,12.49,cents per kilowatt-hour
3178,07,2023,WY,0.0,cents per kilowatt-hour
3183,07,2023,NEW,26.84,cents per kilowatt-hour
3184,07,2023,NEW,12.52,cents per kilowatt-hour
3189,07,2023,MAT,19.7,cents per kilowatt-hour
3190,07,2023,MAT,14.73,cents per kilowatt-hour
3195,09,2023,WV,14.35,cents per kilowatt-hour
3196,09,2023,WV,0.0,cents per kilowatt-hour
3205,02,2023,NC,12.75,cents per kilowatt-hour
3206,02,2023,NC,7.81,cents per kilowatt-hour
3211,02,2023,ND,10.01,cents per kilowatt-hour
3212,02,2023,ND,0.0,cents per kilowatt-hour
3217,02,2023,OH,14.62,cents per kilowatt-hour
3218,02,2023,OH,5.31,cents per kilowatt-hour
3223,01,2023,KY,12.83,cents per kilowatt-hour
3224,01,2023,KY,0.0,cents per kilowatt-hour
3229,01,2023,LA,11.98,cents per kilowatt-hour
3230,01,2023,LA,9.77,cents per kilowatt-hour
3235,01,2023,ME,24.08,cents per kilowatt-hour
3236,01,2023,ME,0.0,cents per kilowatt-hour
3241,01,2023,MD,15.98,cents per kilowatt-hour
3242,01,2023,MD,10.79,cents per kilowatt-hour
3247,01,2023,MA,32.19,cents per kilowatt-hour
3248,01,2023,MA,7.2,cents per kilowatt-hour
3253,01,2023,MI,18.16,cents per kilowatt-hour
3254,01,2023,MI,12.07,cents per kilowatt-hour
3259,01,2023,MN,13.25,cents per kilowatt-hour
3260,01,2023,MN,11.07,cents per kilowatt-hour
3265,01,2023,MS,12.98,cents per kilowatt-hour
3266,01,2023,MS,0.0,cents per kilowatt-hour
3271,01,2023,MO,10.54,cents per kilowatt-hour
3272,01,2023,MO,7.14,cents per kilowatt-hour
3277,01,2023,MT,11.89,cents per kilowatt-hour
3278,01,2023,MT,0.0,cents per kilowatt-hour
3283,01,2023,NE,9.27,cents per kilowatt-hour
3284,09,2023,WI,17.41,cents per kilowatt-hour
3285,09,2023,WI,19.26,cents per kilowatt-hour
3290,09,2023,WY,12.64,cents per kilowatt-hour
3291,09,2023,WY,0.0,cents per kilowatt-hour
3296,09,2023,NEW,27.37,cents per kilowatt-hour
3297,09,2023,NEW,12.49,cents per kilowatt-hour
3302,09,2023,MAT,20.11,cents per kilowatt-hour
3303,09,2023,MAT,17.58,cents per kilowatt-hour
3310,09,2023,OH,15.59,cents per kilowatt-hour
3311,09,2023,OH,6.68,cents per kilowatt-hour
3316,09,2023,OK,13.03,cents per kilowatt-hour
3317,09,2023,OK,0.0,cents per kilowatt-hour
3322,09,2023,OR,13.19,cents per kilowatt-hour
3323,09,2023,OR,11.28,cents per kilowatt-hour
3328,09,2023,PA,18.02,cents per kilowatt-hour
3329,09,2023,PA,10.6,cents per kilowatt-hour
3334,09,2023,RI,25.27,cents per kilowatt-hour
3338,05,2023,PACN,34.99,cents per kilowatt-hour
3339,05,2023,PACN,0.0,cents per kilowatt-hour
3346,01,2023,AK,21.73,cents per kilowatt-hour
3347,01,2023,AK,0.0,cents per kilowatt-hour
3352,01,2023,AZ,12.63,cents per kilowatt-hour
3353,01,2023,AZ,8.77,cents per kilowatt-hour
3358,01,2023,AR,11.42,cents per kilowatt-hour
3359,01,2023,AR,13.94,cents per kilowatt-hour
3364,01,2023,CA,26.47,cents per kilowatt-hour
3365,01,2023,CA,11.67,cents per kilowatt-hour
3370,01,2023,CO,14.11,cents per kilowatt-hour
3371,01,2023,CO,12.57,cents per kilowatt-hour
3376,01,2023,CT,30.29,cents per kilowatt-hour
3377,01,2023,CT,25.99,cents per kilowatt-hour
3383,01,2023,WV,13.06,cents per kilowatt-hour
3384,01,2023,WV,0.0,cents per kilowatt-hour
3389,01,2023,WI,16.17,cents per kilowatt-hour
3390,01,2023,WI,15.54,cents per kilowatt-hour
3395,10,2023,US,16.48,cents per kilowatt-hour
3396,10,2023,US,12.65,cents per kilowatt-hour
3401,11,2023,AL,14.98,cents per kilowatt-hour
3402,11,2023,AL,0.0,cents per kilowatt-hour
3407,11,2023,AK,24.13,cents per kilowatt-hour
3408,11,2023,AK,0.0,cents per kilowatt-hour
3413,11,2023,AZ,14.55,cents per kilowatt-hour
3414,11,2023,AZ,9.68,cents per kilowatt-hour
3418,01,2023,NE,0.0,cents per kilowatt-hour
3423,01,2023,NV,16.8,cents per kilowatt-hour
3424,01,2023,NV,11.91,cents per kilowatt-hour
3429,01,2023,NH,31.68,cents per kilowatt-hour
3430,01,2023,NH,0.0,cents per kilowatt-hour
3432,01,2023,OK,10.75,cents per kilowatt-hour
3433,01,2023,OK,0.0,cents per kilowatt-hour
3438,01,2023,OR,12.09,cents per kilowatt-hour
3439,01,2023,OR,11.16,cents per kilowatt-hour
3444,01,2023,PA,18.02,cents per kilowatt-hour
3445,01,2023,PA,11.24,cents per kilowatt-hour
3450,01,2023,RI,28.94,cents per kilowatt-hour
3451,01,2023,RI,17.94,cents per kilowatt-hour
3456,01,2023,SC,13.58,cents per kilowatt-hour
3457,01,2023,SC,0.0,cents per kilowatt-hour
3462,01,2023,SD,11.19,cents per kilowatt-hour
3463,01,2023,SD,0.0,cents per kilowatt-hour
3467,09,2023,IN,14.1,cents per kilowatt-hour
3468,09,2023,IN,14.88,cents per kilowatt-hour
3473,09,2023,IA,14.12,cents per kilowatt-hour
3474,09,2023,IA,0.0,cents per kilowatt-hour
3479,09,2023,KS,13.2,cents per kilowatt-hour
3480,09,2023,KS,0.0,cents per kilowatt-hour
3483,05,2023,US,16.14,cents per kilowatt-hour
3484,05,2023,US,12.43,cents per kilowatt-hour
3487,08,2023,CA,29.97,cents per kilowatt-hour
3488,08,2023,CA,13.83,cents per kilowatt-hour
3493,08,2023,CO,14.45,cents per kilowatt-hour
3494,08,2023,CO,13.96,cents per kilowatt-hour
3499,08,2023,CT,27.94,cents per kilowatt-hour
3500,08,2023,CT,22.64,cents per kilowatt-hour
3505,08,2023,DE,15.66,cents per kilowatt-hour
3506,08,2023,DE,0.0,cents per kilowatt-hour
3511,08,2023,DC,16.48,cents per kilowatt-hour
3512,08,2023,DC,10.29,cents per kilowatt-hour
3517,08,2023,FL,14.89,cents per kilowatt-hour
3518,08,2023,FL,10.82,cents per kilowatt-hour
3523,08,2023,GA,14.12,cents per kilowatt-hour
3524,08,2023,GA,9.68,cents per kilowatt-hour
3529,08,2023,HI,39.77,cents per kilowatt-hour
3530,08,2023,HI,0.0,cents per kilowatt-hour
3536,11,2023,AR,12.31,cents per kilowatt-hour
3537,11,2023,AR,15.97,cents per kilowatt-hour
3542,11,2023,CA,29.54,cents per kilowatt-hour
3543,11,2023,CA,13.56,cents per kilowatt-hour
3548,11,2023,CO,14.58,cents per kilowatt-hour
3549,11,2023,CO,13.16,cents per kilowatt-hour
3554,11,2023,CT,26.98,cents per kilowatt-hour
3555,11,2023,CT,16.0,cents per kilowatt-hour
3560,11,2023,DE,17.22,cents per kilowatt-hour
3561,11,2023,DE,0.0,cents per kilowatt-hour
3566,11,2023,DC,16.99,cents per kilowatt-hour
3567,11,2023,DC,9.77,cents per kilowatt-hour
3572,11,2023,FL,15.37,cents per kilowatt-hour
3573,11,2023,FL,11.38,cents per kilowatt-hour
3578,11,2023,GA,13.16,cents per kilowatt-hour
3579,11,2023,GA,6.23,cents per kilowatt-hour
3584,11,2023,HI,43.53,cents per kilowatt-hour
3585,11,2023,HI,0.0,cents per kilowatt-hour
3590,11,2023,ID,11.48,cents per kilowatt-hour
3591,11,2023,ID,0.0,cents per kilowatt-hour
3596,11,2023,IL,15.65,cents per kilowatt-hour
3597,11,2023,IL,5.53,cents per kilowatt-hour
3603,09,2023,KY,12.61,cents per kilowatt-hour
3604,09,2023,KY,0.0,cents per kilowatt-hour
3607,08,2023,ID,11.56,cents per kilowatt-hour
3608,08,2023,ID,0.0,cents per kilowatt-hour
3613,08,2023,IL,13.74,cents per kilowatt-hour
3614,08,2023,IL,6.51,cents per kilowatt-hour
3619,08,2023,IN,14.17,cents per kilowatt-hour
3620,08,2023,IN,14.01,cents per kilowatt-hour
3625,08,2023,IA,15.17,cents per kilowatt-hour
3626,08,2023,IA,0.0,cents per kilowatt-hour
3631,08,2023,KS,13.35,cents per kilowatt-hour
3632,08,2023,KS,0.0,cents per kilowatt-hour
3637,08,2023,KY,12.33,cents per kilowatt-hour
3638,08,2023,KY,0.0,cents per kilowatt-hour
3643,08,2023,LA,11.06,cents per kilowatt-hour
3644,08,2023,LA,10.85,cents per kilowatt-hour
3648,08,2023,AK,25.14,cents per kilowatt-hour
3649,08,2023,AK,0.0,cents per kilowatt-hour
3652,03,2023,SC,13.83,cents per kilowatt-hour
3653,03,2023,SC,0.0,cents per kilowatt-hour
3658,03,2023,SD,11.41,cents per kilowatt-hour
3659,03,2023,SD,0.0,cents per kilowatt-hour
3664,03,2023,TN,12.4,cents per kilowatt-hour
3665,03,2023,TN,0.0,cents per kilowatt-hour
3670,03,2023,TX,14.61,cents per kilowatt-hour
3673,07,2023,MO,14.42,cents per kilowatt-hour
3674,07,2023,MO,12.86,cents per kilowatt-hour
3679,07,2023,MT,13.07,cents per kilowatt-hour
3680,07,2023,MT,0.0,cents per kilowatt-hour
3685,07,2023,NE,12.35,cents per kilowatt-hour
3686,07,2023,NE,0.0,cents per kilowatt-hour
3691,07,2023,NV,16.3,cents per kilowatt-hour
3692,07,2023,NV,12.97,cents per kilowatt-hour
3697,07,2023,NH,28.96,cents per kilowatt-hour
3698,07,2023,NH,0.0,cents per kilowatt-hour
3703,07,2023,NJ,18.42,cents per kilowatt-hour
3704,07,2023,NJ,12.95,cents per kilowatt-hour
3709,07,2023,NM,14.39,cents per kilowatt-hour
3710,07,2023,NM,0.0,cents per kilowatt-hour
3719,10,2023,AL,15.08,cents per kilowatt-hour
3720,10,2023,AL,0.0,cents per kilowatt-hour
3725,10,2023,AK,24.04,cents per kilowatt-hour
3726,10,2023,AK,0.0,cents per kilowatt-hour
3731,10,2023,AZ,14.53,cents per kilowatt-hour
3732,10,2023,AZ,10.51,cents per kilowatt-hour
3738,11,2023,IN,14.64,cents per kilowatt-hour
3739,11,2023,IN,12.18,cents per kilowatt-hour
3744,11,2023,IA,12.91,cents per kilowatt-hour
3745,11,2023,IA,0.0,cents per kilowatt-hour
3750,11,2023,KS,13.04,cents per kilowatt-hour
3751,11,2023,KS,0.0,cents per kilowatt-hour
3758,06,2023,WV,14.44,cents per kilowatt-hour
3759,06,2023,WV,0.0,cents per kilowatt-hour
3764,06,2023,WI,17.14,cents per kilowatt-hour
3765,06,2023,WI,17.63,cents per kilowatt-hour
3770,06,2023,WY,12.53,cents per kilowatt-hour
3771,06,2023,WY,0.0,cents per kilowatt-hour
3776,06,2023,NEW,28.34,cents per kilowatt-hour
3777,06,2023,NEW,11.54,cents per kilowatt-hour
3782,06,2023,MAT,19.57,cents per kilowatt-hour
3783,06,2023,MAT,14.41,cents per kilowatt-hour
3788,06,2023,ENC,16.37,cents per kilowatt-hour
3789,06,2023,ENC,7.33,cents per kilowatt-hour
3794,06,2023,WNC,14.16,cents per kilowatt-hour
3795,06,2023,WNC,11.53,cents per kilowatt-hour
3800,06,2023,SAT,14.7,cents per kilowatt-hour
3801,06,2023,SAT,10.05,cents per kilowatt-hour
3806,06,2023,ESC,13.24,cents per kilowatt-hour
3807,06,2023,ESC,0.0,cents per kilowatt-hour
3812,06,2023,WSC,13.63,cents per kilowatt-hour
3813,06,2023,WSC,7.29,cents per kilowatt-hour
3818,06,2023,MTN,14.17,cents per kilowatt-hour
3819,06,2023,MTN,13.69,cents per kilowatt-hour
3824,06,2023,PACC,23.63,cents per kilowatt-hour
3825,06,2023,PACC,11.66,cents per kilowatt-hour
3830,06,2023,PACN,35.02,cents per kilowatt-hour
3834,11,2023,MD,17.38,cents per kilowatt-hour
3835,11,2023,MD,11.71,cents per kilowatt-hour
3840,11,2023,MA,28.41,cents per kilowatt-hour
3841,11,2023,MA,6.6,cents per kilowatt-hour
3846,11,2023,MI,18.59,cents per kilowatt-hour
3847,11,2023,MI,14.35,cents per kilowatt-hour
3852,11,2023,MN,14.52,cents per kilowatt-hour
3853,11,2023,MN,12.34,cents per kilowatt-hour
3858,11,2023,MS,13.5,cents per kilowatt-hour
3859,11,2023,MS,0.0,cents per kilowatt-hour
3864,11,2023,MO,11.98,cents per kilowatt-hour
3865,11,2023,MO,8.97,cents per kilowatt-hour
3870,11,2023,MT,12.58,cents per kilowatt-hour
3871,11,2023,MT,0.0,cents per kilowatt-hour
3876,11,2023,NE,11.26,cents per kilowatt-hour
3877,11,2023,NE,0.0,cents per kilowatt-hour
3882,11,2023,NV,17.11,cents per kilowatt-hour
3883,11,2023,NV,12.21,cents per kilowatt-hour
3888,09,2023,DE,15.81,cents per kilowatt-hour
3889,09,2023,DE,0.0,cents per kilowatt-hour
3894,09,2023,DC,16.29,cents per kilowatt-hour
3895,09,2023,DC,9.21,cents per kilowatt-hour
3900,02,2023,RI,15.84,cents per kilowatt-hour
3905,02,2023,SC,14.06,cents per kilowatt-hour
3906,02,2023,SC,0.0,cents per kilowatt-hour
3911,02,2023,SD,11.46,cents per kilowatt-hour
3912,02,2023,SD,0.0,cents per kilowatt-hour
3917,02,2023,TN,12.54,cents per kilowatt-hour
3918,02,2023,TN,0.0,cents per kilowatt-hour
3923,02,2023,TX,14.72,cents per kilowatt-hour
3924,02,2023,TX,6.99,cents per kilowatt-hour
3929,11,2023,RI,29.78,cents per kilowatt-hour
3930,11,2023,RI,16.52,cents per kilowatt-hour
3935,11,2023,SC,13.76,cents per kilowatt-hour
3936,11,2023,SC,0.0,cents per kilowatt-hour
3941,11,2023,SD,12.21,cents per kilowatt-hour
3942,11,2023,SD,0.0,cents per kilowatt-hour
3947,11,2023,TN,12.6,cents per kilowatt-hour
3948,11,2023,TN,0.0,cents per kilowatt-hour
3953,11,2023,TX,14.79,cents per kilowatt-hour
3954,11,2023,TX,7.6,cents per kilowatt-hour
3959,11,2023,UT,11.05,cents per kilowatt-hour
3960,11,2023,UT,12.16,cents per kilowatt-hour
3967,01,2024,AL,14.4,cents per kilowatt-hour
3968,01,2024,AL,0.0,cents per kilowatt-hour
3973,01,2024,AK,23.78,cents per kilowatt-hour
3974,01,2024,AK,0.0,cents per kilowatt-hour
3979,11,2023,VT,21.57,cents per kilowatt-hour
3980,11,2023,VT,0.0,cents per kilowatt-hour
3985,11,2023,VA,13.93,cents per kilowatt-hour
3986,11,2023,VA,9.97,cents per kilowatt-hour
3991,11,2023,WA,11.07,cents per kilowatt-hour
3992,11,2023,WA,10.02,cents per kilowatt-hour
3996,01,2024,AZ,14.11,cents per kilowatt-hour
3997,01,2024,AZ,9.95,cents per kilowatt-hour
4002,01,2024,AR,11.24,cents per kilowatt-hour
4003,01,2024,AR,12.7,cents per kilowatt-hour
4008,01,2024,CA,29.49,cents per kilowatt-hour
4009,01,2024,CA,17.06,cents per kilowatt-hour
4014,01,2024,CO,14.26,cents per kilowatt-hour
4015,01,2024,CO,9.99,cents per kilowatt-hour
4020,01,2024,CT,27.4,cents per kilowatt-hour
4021,01,2024,CT,18.36,cents per kilowatt-hour
4026,01,2024,DE,15.59,cents per kilowatt-hour
4027,01,2024,DE,0.0,cents per kilowatt-hour
4032,01,2024,DC,16.89,cents per kilowatt-hour
4033,01,2024,DC,9.86,cents per kilowatt-hour
4038,01,2024,FL,14.79,cents per kilowatt-hour
4039,01,2024,FL,11.82,cents per kilowatt-hour
4044,01,2024,GA,12.34,cents per kilowatt-hour
4045,01,2024,GA,6.29,cents per kilowatt-hour
4050,01,2024,HI,44.28,cents per kilowatt-hour
4051,01,2024,HI,0.0,cents per kilowatt-hour
4056,01,2024,ID,10.79,cents per kilowatt-hour
4057,01,2024,ID,0.0,cents per kilowatt-hour
4062,01,2024,IL,15.03,cents per kilowatt-hour
4063,01,2024,IL,10.41,cents per kilowatt-hour
4068,12,2023,WV,13.35,cents per kilowatt-hour
4069,12,2023,WV,0.0,cents per kilowatt-hour
4074,12,2023,WI,16.58,cents per kilowatt-hour
4075,12,2023,WI,17.48,cents per kilowatt-hour
4080,12,2023,WY,11.32,cents per kilowatt-hour
4081,12,2023,WY,0.0,cents per kilowatt-hour
4086,12,2023,NEW,27.52,cents per kilowatt-hour
4087,12,2023,NEW,12.72,cents per kilowatt-hour
4092,12,2023,MAT,19.36,cents per kilowatt-hour
4093,12,2023,MAT,13.77,cents per kilowatt-hour
4098,12,2023,ENC,15.93,cents per kilowatt-hour
4099,12,2023,ENC,7.43,cents per kilowatt-hour
4104,12,2023,WNC,12.06,cents per kilowatt-hour
4105,12,2023,WNC,9.58,cents per kilowatt-hour
4114,12,2023,SAT,14.14,cents per kilowatt-hour
4115,12,2023,SAT,10.25,cents per kilowatt-hour
4120,12,2023,ESC,12.86,cents per kilowatt-hour
4121,12,2023,ESC,0.0,cents per kilowatt-hour
4126,12,2023,WSC,13.48,cents per kilowatt-hour
4127,12,2023,WSC,9.11,cents per kilowatt-hour
4132,12,2023,MTN,13.44,cents per kilowatt-hour
4133,12,2023,MTN,12.12,cents per kilowatt-hour
4138,12,2023,PACC,20.7,cents per kilowatt-hour
4139,12,2023,PACC,12.54,cents per kilowatt-hour
4144,12,2023,PACN,33.46,cents per kilowatt-hour
4145,12,2023,PACN,0.0,cents per kilowatt-hour
4150,12,2023,US,15.69,cents per kilowatt-hour
4151,12,2023,US,12.34,cents per kilowatt-hour
4156,06,2023,VA,15.13,cents per kilowatt-hour
4157,06,2023,VA,10.49,cents per kilowatt-hour
4162,06,2023,WA,11.21,cents per kilowatt-hour
4163,06,2023,WA,9.95,cents per kilowatt-hour
4166,01,2023,SAT,10.66,cents per kilowatt-hour
4171,01,2023,ESC,12.95,cents per kilowatt-hour
4172,01,2023,ESC,0.0,cents per kilowatt-hour
4177,01,2023,WSC,13.38,cents per kilowatt-hour
4178,01,2023,WSC,7.3,cents per kilowatt-hour
4183,01,2023,MTN,12.81,cents per kilowatt-hour
4184,01,2023,MTN,12.29,cents per kilowatt-hour
4189,01,2023,PACC,19.48,cents per kilowatt-hour
4190,01,2023,PACC,11.43,cents per kilowatt-hour
4195,01,2023,PACN,33.38,cents per kilowatt-hour
4196,01,2023,PACN,0.0,cents per kilowatt-hour
4201,01,2023,US,15.47,cents per kilowatt-hour
4202,01,2023,US,12.54,cents per kilowatt-hour
4207,02,2023,AL,15.34,cents per kilowatt-hour
4208,02,2023,AL,0.0,cents per kilowatt-hour
4213,02,2023,AK,22.92,cents per kilowatt-hour
4214,02,2023,AK,0.0,cents per kilowatt-hour
4219,02,2023,AZ,13.12,cents per kilowatt-hour
4220,02,2023,AZ,8.88,cents per kilowatt-hour
4225,02,2023,AR,11.99,cents per kilowatt-hour
4226,02,2023,AR,14.03,cents per kilowatt-hour
4231,02,2023,CA,27.25,cents per kilowatt-hour
4232,02,2023,CA,11.96,cents per kilowatt-hour
4237,02,2023,CO,14.23,cents per kilowatt-hour
4238,02,2023,CO,13.67,cents per kilowatt-hour
4243,02,2023,CT,34.38,cents per kilowatt-hour
4244,02,2023,CT,38.63,cents per kilowatt-hour
4249,02,2023,DE,15.01,cents per kilowatt-hour
4250,02,2023,DE,0.0,cents per kilowatt-hour
4256,01,2024,PA,17.43,cents per kilowatt-hour
4257,01,2024,PA,10.07,cents per kilowatt-hour
4262,01,2024,RI,31.26,cents per kilowatt-hour
4263,01,2024,RI,20.29,cents per kilowatt-hour
4268,01,2024,SC,13.54,cents per kilowatt-hour
4269,01,2024,SC,0.0,cents per kilowatt-hour
4274,01,2024,SD,11.18,cents per kilowatt-hour
4275,01,2024,SD,0.0,cents per kilowatt-hour
4280,01,2024,TN,12.25,cents per kilowatt-hour
4281,01,2024,TN,0.0,cents per kilowatt-hour
4286,01,2024,TX,14.28,cents per kilowatt-hour
4287,01,2024,TX,6.96,cents per kilowatt-hour
4292,01,2024,UT,10.85,cents per kilowatt-hour
4293,01,2024,UT,12.07,cents per kilowatt-hour
4298,01,2024,VT,21.11,cents per kilowatt-hour
4299,01,2024,VT,0.0,cents per kilowatt-hour
4304,01,2024,VA,13.5,cents per kilowatt-hour
4305,01,2024,VA,10.03,cents per kilowatt-hour
4310,01,2024,WA,11.09,cents per kilowatt-hour
4311,01,2024,WA,9.83,cents per kilowatt-hour
4316,01,2024,WV,13.65,cents per kilowatt-hour
4317,01,2024,WV,0.0,cents per kilowatt-hour
4322,01,2024,WI,16.46,cents per kilowatt-hour
4323,01,2024,WI,20.1,cents per kilowatt-hour
4328,01,2024,WY,10.86,cents per kilowatt-hour
4329,01,2024,WY,0.0,cents per kilowatt-hour
4334,04,2023,NY,19.81,cents per kilowatt-hour
4335,04,2023,NY,14.66,cents per kilowatt-hour
4340,04,2023,NC,12.91,cents per kilowatt-hour
4341,04,2023,NC,8.03,cents per kilowatt-hour
4346,04,2023,ND,10.28,cents per kilowatt-hour
4347,04,2023,ND,0.0,cents per kilowatt-hour
4352,04,2023,OH,15.01,cents per kilowatt-hour
4353,04,2023,OH,5.58,cents per kilowatt-hour
4358,04,2023,OK,12.17,cents per kilowatt-hour
4359,04,2023,OK,0.0,cents per kilowatt-hour
4364,04,2023,OR,12.55,cents per kilowatt-hour
4365,04,2023,OR,11.46,cents per kilowatt-hour
4370,04,2023,PA,18.36,cents per kilowatt-hour
4371,04,2023,PA,8.65,cents per kilowatt-hour
4376,01,2024,NEW,27.36,cents per kilowatt-hour
4377,01,2024,NEW,13.34,cents per kilowatt-hour
4382,01,2024,MAT,19.68,cents per kilowatt-hour
4383,01,2024,MAT,13.21,cents per kilowatt-hour
4388,01,2024,ENC,15.75,cents per kilowatt-hour
4389,01,2024,ENC,10.19,cents per kilowatt-hour
4392,04,2023,KY,12.79,cents per kilowatt-hour
4393,04,2023,KY,0.0,cents per kilowatt-hour
4398,04,2023,LA,11.2,cents per kilowatt-hour
4399,04,2023,LA,10.51,cents per kilowatt-hour
4404,04,2023,ME,28.61,cents per kilowatt-hour
4405,04,2023,ME,0.0,cents per kilowatt-hour
4410,04,2023,MD,15.92,cents per kilowatt-hour
4411,04,2023,MD,11.18,cents per kilowatt-hour
4416,04,2023,MA,32.36,cents per kilowatt-hour
4417,04,2023,MA,7.5,cents per kilowatt-hour
4422,04,2023,MI,18.41,cents per kilowatt-hour
4423,04,2023,MI,13.6,cents per kilowatt-hour
4428,04,2023,MN,14.71,cents per kilowatt-hour
4429,04,2023,MN,12.44,cents per kilowatt-hour
4434,04,2023,MS,13.9,cents per kilowatt-hour
4435,04,2023,MS,0.0,cents per kilowatt-hour
4440,04,2023,MO,11.79,cents per kilowatt-hour
4441,04,2023,MO,7.88,cents per kilowatt-hour
4446,04,2023,MT,12.26,cents per kilowatt-hour
4447,04,2023,MT,0.0,cents per kilowatt-hour
4452,04,2023,NE,11.19,cents per kilowatt-hour
4453,04,2023,NE,0.0,cents per kilowatt-hour
4458,04,2023,NV,17.59,cents per kilowatt-hour
4459,04,2023,NV,13.15,cents per kilowatt-hour
4464,04,2023,NH,30.8,cents per kilowatt-hour
4465,04,2023,NH,0.0,cents per kilowatt-hour
4470,04,2023,NJ,17.37,cents per kilowatt-hour
4471,04,2023,NJ,12.48,cents per kilowatt-hour
4476,04,2023,NM,13.43,cents per kilowatt-hour
4477,04,2023,NM,0.0,cents per kilowatt-hour
4480,09,2023,ENC,7.19,cents per kilowatt-hour
4485,09,2023,WNC,13.95,cents per kilowatt-hour
4486,09,2023,WNC,13.01,cents per kilowatt-hour
4491,09,2023,SAT,14.86,cents per kilowatt-hour
4492,09,2023,SAT,9.94,cents per kilowatt-hour
4497,09,2023,ESC,12.97,cents per kilowatt-hour
4498,09,2023,ESC,0.0,cents per kilowatt-hour
4503,09,2023,WSC,13.96,cents per kilowatt-hour
4504,09,2023,WSC,7.68,cents per kilowatt-hour
4509,09,2023,MTN,14.34,cents per kilowatt-hour
4510,09,2023,MTN,13.87,cents per kilowatt-hour
4515,09,2023,PACC,24.29,cents per kilowatt-hour
4516,09,2023,PACC,14.61,cents per kilowatt-hour
4521,09,2023,PACN,34.92,cents per kilowatt-hour
4522,09,2023,PACN,0.0,cents per kilowatt-hour
4535,01,2024,WNC,11.81,cents per kilowatt-hour
4536,01,2024,WNC,9.16,cents per kilowatt-hour
4541,01,2024,SAT,13.95,cents per kilowatt-hour
4542,01,2024,SAT,10.05,cents per kilowatt-hour
4547,01,2024,ESC,12.95,cents per kilowatt-hour
4548,01,2024,ESC,0.0,cents per kilowatt-hour
4553,01,2024,WSC,13.11,cents per kilowatt-hour
4554,01,2024,WSC,8.37,cents per kilowatt-hour
4559,01,2024,MTN,13.33,cents per kilowatt-hour
4560,01,2024,MTN,10.72,cents per kilowatt-hour
4565,01,2024,PACC,21.11,cents per kilowatt-hour
4566,01,2024,PACC,16.01,cents per kilowatt-hour
4571,01,2024,PACN,34.01,cents per kilowatt-hour
4572,01,2024,PACN,0.0,cents per kilowatt-hour
4577,01,2024,US,15.47,cents per kilowatt-hour
4578,01,2024,US,12.64,cents per kilowatt-hour
4579,09,2023,US,16.27,cents per kilowatt-hour
4580,09,2023,US,14.45,cents per kilowatt-hour
4581,12,2023,SC,13.26,cents per kilowatt-hour
4582,12,2023,SC,0.0,cents per kilowatt-hour
4587,12,2023,SD,11.8,cents per kilowatt-hour
4588,12,2023,SD,0.0,cents per kilowatt-hour
4593,12,2023,TN,12.11,cents per kilowatt-hour
4594,12,2023,TN,0.0,cents per kilowatt-hour
4599,12,2023,TX,14.64,cents per kilowatt-hour
4600,12,2023,TX,8.97,cents per kilowatt-hour
4605,12,2023,UT,10.87,cents per kilowatt-hour
4606,12,2023,UT,12.08,cents per kilowatt-hour
4607,01,2024,ME,25.92,cents per kilowatt-hour
4608,01,2024,ME,0.0,cents per kilowatt-hour
4613,01,2024,MD,17.5,cents per kilowatt-hour
4614,01,2024,MD,11.19,cents per kilowatt-hour
4619,01,2024,MA,28.39,cents per kilowatt-hour
4620,01,2024,MA,9.83,cents per kilowatt-hour
4625,01,2024,MI,18.34,cents per kilowatt-hour
4626,01,2024,MI,13.78,cents per kilowatt-hour
4631,01,2024,MN,14.04,cents per kilowatt-hour
4632,01,2024,MN,11.31,cents per kilowatt-hour
4637,01,2024,MS,12.72,cents per kilowatt-hour
4638,01,2024,MS,0.0,cents per kilowatt-hour
4643,01,2024,MO,11.06,cents per kilowatt-hour
4644,01,2024,MO,7.7,cents per kilowatt-hour
4649,01,2024,MT,11.98,cents per kilowatt-hour
4650,01,2024,MT,0.0,cents per kilowatt-hour
4655,01,2024,NE,9.85,cents per kilowatt-hour
4656,01,2024,NE,0.0,cents per kilowatt-hour
4661,01,2024,NV,16.38,cents per kilowatt-hour
4662,01,2024,NV,11.88,cents per kilowatt-hour
4667,01,2024,NH,25.11,cents per kilowatt-hour
4668,01,2024,NH,0.0,cents per kilowatt-hour
4673,01,2024,NJ,17.97,cents per kilowatt-hour
4674,01,2024,NJ,11.59,cents per kilowatt-hour
4679,01,2024,NM,13.76,cents per kilowatt-hour
4680,01,2024,NM,0.0,cents per kilowatt-hour
4685,01,2024,NY,23.54,cents per kilowatt-hour
4686,01,2024,NY,14.11,cents per kilowatt-hour
4691,01,2024,NC,13.05,cents per kilowatt-hour
4692,01,2024,NC,8.97,cents per kilowatt-hour
4697,01,2024,ND,9.88,cents per kilowatt-hour
4698,01,2024,ND,0.0,cents per kilowatt-hour
4703,01,2024,OH,15.69,cents per kilowatt-hour
4704,01,2024,OH,6.59,cents per kilowatt-hour
4709,01,2024,OK,10.62,cents per kilowatt-hour
4710,01,2024,OK,0.0,cents per kilowatt-hour
4715,01,2024,OR,13.84,cents per kilowatt-hour
4716,01,2024,OR,12.19,cents per kilowatt-hour
4719,09,2023,ENC,15.99,cents per kilowatt-hour
4724,01,2023,AL,14.41,cents per kilowatt-hour
4725,01,2023,AL,0.0,cents per kilowatt-hour
4730,07,2023,AL,14.48,cents per kilowatt-hour
4731,07,2023,AL,0.0,cents per kilowatt-hour
4736,07,2023,AK,24.96,cents per kilowatt-hour
4737,07,2023,AK,0.0,cents per kilowatt-hour
4742,07,2023,AZ,14.13,cents per kilowatt-hour
4743,07,2023,AZ,11.25,cents per kilowatt-hour
4748,07,2023,AR,12.53,cents per kilowatt-hour
4749,07,2023,AR,16.13,cents per kilowatt-hour
4754,07,2023,CA,29.46,cents per kilowatt-hour
4755,07,2023,CA,13.2,cents per kilowatt-hour
4760,07,2023,CO,14.14,cents per kilowatt-hour
4761,07,2023,CO,14.15,cents per kilowatt-hour
4766,07,2023,CT,26.63,cents per kilowatt-hour
4767,07,2023,CT,22.48,cents per kilowatt-hour
4772,07,2023,DE,15.09,cents per kilowatt-hour
4773,07,2023,DE,0.0,cents per kilowatt-hour
4778,07,2023,DC,16.61,cents per kilowatt-hour
4779,07,2023,DC,9.19,cents per kilowatt-hour
4784,07,2023,FL,14.94,cents per kilowatt-hour
4785,07,2023,FL,11.16,cents per kilowatt-hour
4790,07,2023,GA,14.33,cents per kilowatt-hour
4791,07,2023,GA,8.39,cents per kilowatt-hour
4796,07,2023,HI,39.7,cents per kilowatt-hour
4797,07,2023,HI,0.0,cents per kilowatt-hour
4802,07,2023,ID,11.76,cents per kilowatt-hour
4803,07,2023,ID,0.0,cents per kilowatt-hour
4808,07,2023,IL,14.81,cents per kilowatt-hour
4809,07,2023,IL,6.78,cents per kilowatt-hour
4814,07,2023,IN,14.47,cents per kilowatt-hour
4815,07,2023,IN,10.62,cents per kilowatt-hour
4820,07,2023,IA,15.17,cents per kilowatt-hour
4821,07,2023,IA,0.0,cents per kilowatt-hour
4826,07,2023,KS,13.48,cents per kilowatt-hour
4827,07,2023,KS,0.0,cents per kilowatt-hour
4832,07,2023,KY,12.51,cents per kilowatt-hour
4833,07,2023,KY,0.0,cents per kilowatt-hour
